[
  {
    "item": [
      "122",
      "222",
      "233"
    ],
    "utterancecode": "22a2b",
    "IDf": "2390-0",
    "ID": 23900,
    "targetfeature": "shape",
    "targetfeaturenum": 1,
    "targeteduttcode": "22a2b-2b",
    "numFeatures": 4,
    "featuresPresent": [
      "striped",
      "polka-dotted",
      "red",
      "green"
    ]
  },
  {
    "item": [
      "231",
      "123",
      "133"
    ],
    "utterancecode": "22a2b",
    "IDf": "2241-1",
    "ID": 22411,
    "targetfeature": "texture",
    "targetfeaturenum": 2,
    "targeteduttcode": "22a2b-2b",
    "numFeatures": 4,
    "featuresPresent": [
      "cloud",
      "circle",
      "blue",
      "green"
    ]
  },
  {
    "item": [
      "111",
      "331",
      "113"
    ],
    "utterancecode": "22a2b",
    "IDf": "0844-2",
    "ID": 8442,
    "targetfeature": "color",
    "targetfeaturenum": 3,
    "targeteduttcode": "22a2b-2b",
    "numFeatures": 4,
    "featuresPresent": [
      "cloud",
      "square",
      "solid",
      "polka-dotted"
    ]
  },
  {
    "item": [
      "312",
      "332",
      "113"
    ],
    "utterancecode": "22a2b",
    "IDf": "0963-1",
    "ID": 9631,
    "targetfeature": "texture",
    "targetfeaturenum": 2,
    "targeteduttcode": "22a2b-2b",
    "numFeatures": 4,
    "featuresPresent": [
      "cloud",
      "square",
      "red",
      "green"
    ]
  },
  {
    "item": [
      "322",
      "113",
      "313"
    ],
    "utterancecode": "22a2b",
    "IDf": "1307-0",
    "ID": 13070,
    "targetfeature": "shape",
    "targetfeaturenum": 1,
    "targeteduttcode": "22a2b-2b",
    "numFeatures": 4,
    "featuresPresent": [
      "solid",
      "striped",
      "red",
      "green"
    ]
  },
  {
    "item": [
      "211",
      "231",
      "113"
    ],
    "utterancecode": "22a2b",
    "IDf": "0838-1",
    "ID": 8381,
    "targetfeature": "texture",
    "targetfeaturenum": 2,
    "targeteduttcode": "22a2b-2b",
    "numFeatures": 4,
    "featuresPresent": [
      "cloud",
      "circle",
      "blue",
      "green"
    ]
  },
  {
    "item": [
      "121",
      "231",
      "233"
    ],
    "utterancecode": "22a2b",
    "IDf": "2324-2",
    "ID": 23242,
    "targetfeature": "color",
    "targetfeaturenum": 3,
    "targeteduttcode": "22a2b-2b",
    "numFeatures": 4,
    "featuresPresent": [
      "cloud",
      "circle",
      "striped",
      "polka-dotted"
    ]
  },
  {
    "item": [
      "132",
      "323",
      "333"
    ],
    "utterancecode": "22a2b",
    "IDf": "2868-1",
    "ID": 28681,
    "targetfeature": "texture",
    "targetfeaturenum": 2,
    "targeteduttcode": "22a2b-2b",
    "numFeatures": 4,
    "featuresPresent": [
      "cloud",
      "square",
      "red",
      "green"
    ]
  },
  {
    "item": [
      "211",
      "231",
      "332"
    ],
    "utterancecode": "22a2b",
    "IDf": "0702-1",
    "ID": 7021,
    "targetfeature": "texture",
    "targetfeaturenum": 2,
    "targeteduttcode": "22a2b-2b",
    "numFeatures": 4,
    "featuresPresent": [
      "circle",
      "square",
      "blue",
      "red"
    ]
  },
  {
    "item": [
      "311",
      "113",
      "133"
    ],
    "utterancecode": "22a2b",
    "IDf": "2179-1",
    "ID": 21791,
    "targetfeature": "texture",
    "targetfeaturenum": 2,
    "targeteduttcode": "22a2b-2b",
    "numFeatures": 4,
    "featuresPresent": [
      "cloud",
      "square",
      "blue",
      "green"
    ]
  },
  {
    "item": [
      "131",
      "322",
      "332"
    ],
    "utterancecode": "22a2b",
    "IDf": "0777-1",
    "ID": 7771,
    "targetfeature": "texture",
    "targetfeaturenum": 2,
    "targeteduttcode": "22a2b-2b",
    "numFeatures": 4,
    "featuresPresent": [
      "cloud",
      "square",
      "blue",
      "red"
    ]
  },
  {
    "item": [
      "112",
      "313",
      "333"
    ],
    "utterancecode": "22a2b",
    "IDf": "2799-1",
    "ID": 27991,
    "targetfeature": "texture",
    "targetfeaturenum": 2,
    "targeteduttcode": "22a2b-2b",
    "numFeatures": 4,
    "featuresPresent": [
      "cloud",
      "square",
      "red",
      "green"
    ]
  },
  {
    "item": [
      "211",
      "212",
      "322"
    ],
    "utterancecode": "22a2b",
    "IDf": "0410-2",
    "ID": 4102,
    "targetfeature": "color",
    "targetfeaturenum": 3,
    "targeteduttcode": "22a2b-2b",
    "numFeatures": 4,
    "featuresPresent": [
      "circle",
      "square",
      "solid",
      "striped"
    ]
  },
  {
    "item": [
      "212",
      "122",
      "213"
    ],
    "utterancecode": "22a2b",
    "IDf": "1045-2",
    "ID": 10452,
    "targetfeature": "color",
    "targetfeaturenum": 3,
    "targeteduttcode": "22a2b-2b",
    "numFeatures": 4,
    "featuresPresent": [
      "cloud",
      "circle",
      "solid",
      "striped"
    ]
  },
  {
    "item": [
      "222",
      "232",
      "323"
    ],
    "utterancecode": "22a2b",
    "IDf": "1904-1",
    "ID": 19041,
    "targetfeature": "texture",
    "targetfeaturenum": 2,
    "targeteduttcode": "22a2b-2b",
    "numFeatures": 4,
    "featuresPresent": [
      "circle",
      "square",
      "red",
      "green"
    ]
  },
  {
    "item": [
      "332",
      "113",
      "133"
    ],
    "utterancecode": "22a2b",
    "IDf": "2194-1",
    "ID": 21941,
    "targetfeature": "texture",
    "targetfeaturenum": 2,
    "targeteduttcode": "22a2b-2b",
    "numFeatures": 4,
    "featuresPresent": [
      "cloud",
      "square",
      "red",
      "green"
    ]
  },
  {
    "item": [
      "121",
      "123",
      "333"
    ],
    "utterancecode": "22a2b",
    "IDf": "2813-2",
    "ID": 28132,
    "targetfeature": "color",
    "targetfeaturenum": 3,
    "targeteduttcode": "22a2b-2b",
    "numFeatures": 4,
    "featuresPresent": [
      "cloud",
      "square",
      "striped",
      "polka-dotted"
    ]
  },
  {
    "item": [
      "221",
      "213",
      "313"
    ],
    "utterancecode": "22a2b",
    "IDf": "1315-0",
    "ID": 13150,
    "targetfeature": "shape",
    "targetfeaturenum": 1,
    "targeteduttcode": "22a2b-2b",
    "numFeatures": 4,
    "featuresPresent": [
      "solid",
      "striped",
      "blue",
      "green"
    ]
  },
  {
    "item": [
      "311",
      "321",
      "122"
    ],
    "utterancecode": "22a2b",
    "IDf": "0232-1",
    "ID": 2321,
    "targetfeature": "texture",
    "targetfeaturenum": 2,
    "targeteduttcode": "22a2b-2b",
    "numFeatures": 4,
    "featuresPresent": [
      "cloud",
      "square",
      "blue",
      "red"
    ]
  },
  {
    "item": [
      "131",
      "112",
      "312"
    ],
    "utterancecode": "22a2b",
    "IDf": "0207-0",
    "ID": 2070,
    "targetfeature": "shape",
    "targetfeaturenum": 1,
    "targeteduttcode": "22a2b-2b",
    "numFeatures": 4,
    "featuresPresent": [
      "solid",
      "polka-dotted",
      "blue",
      "red"
    ]
  },
  {
    "item": [
      "122",
      "132",
      "333"
    ],
    "utterancecode": "22a2b",
    "IDf": "2717-1",
    "ID": 27171,
    "targetfeature": "texture",
    "targetfeaturenum": 2,
    "targeteduttcode": "22a2b-2b",
    "numFeatures": 4,
    "featuresPresent": [
      "cloud",
      "square",
      "red",
      "green"
    ]
  },
  {
    "item": [
      "111",
      "311",
      "133"
    ],
    "utterancecode": "22a2b",
    "IDf": "2025-0",
    "ID": 20250,
    "targetfeature": "shape",
    "targetfeaturenum": 1,
    "targeteduttcode": "22a2b-2b",
    "numFeatures": 4,
    "featuresPresent": [
      "solid",
      "polka-dotted",
      "blue",
      "green"
    ]
  },
  {
    "item": [
      "221",
      "323",
      "333"
    ],
    "utterancecode": "22a2b",
    "IDf": "2857-1",
    "ID": 28571,
    "targetfeature": "texture",
    "targetfeaturenum": 2,
    "targeteduttcode": "22a2b-2b",
    "numFeatures": 4,
    "featuresPresent": [
      "circle",
      "square",
      "blue",
      "green"
    ]
  },
  {
    "item": [
      "121",
      "321",
      "112"
    ],
    "utterancecode": "22a2b",
    "IDf": "0097-0",
    "ID": 970,
    "targetfeature": "shape",
    "targetfeaturenum": 1,
    "targeteduttcode": "22a2b-2b",
    "numFeatures": 4,
    "featuresPresent": [
      "solid",
      "striped",
      "blue",
      "red"
    ]
  },
  {
    "item": [
      "211",
      "313",
      "333"
    ],
    "utterancecode": "22a2b",
    "IDf": "2791-1",
    "ID": 27911,
    "targetfeature": "texture",
    "targetfeaturenum": 2,
    "targeteduttcode": "22a2b-2b",
    "numFeatures": 4,
    "featuresPresent": [
      "circle",
      "square",
      "blue",
      "green"
    ]
  },
  {
    "item": [
      "211",
      "331",
      "212"
    ],
    "utterancecode": "22a2b",
    "IDf": "0149-2",
    "ID": 1492,
    "targetfeature": "color",
    "targetfeaturenum": 3,
    "targeteduttcode": "22a2b-2b",
    "numFeatures": 4,
    "featuresPresent": [
      "circle",
      "square",
      "solid",
      "polka-dotted"
    ]
  },
  {
    "item": [
      "131",
      "231",
      "223"
    ],
    "utterancecode": "22a2b",
    "IDf": "1567-0",
    "ID": 15670,
    "targetfeature": "shape",
    "targetfeaturenum": 1,
    "targeteduttcode": "22a2b-2b",
    "numFeatures": 4,
    "featuresPresent": [
      "striped",
      "polka-dotted",
      "blue",
      "green"
    ]
  },
  {
    "item": [
      "112",
      "332",
      "113"
    ],
    "utterancecode": "22a2b",
    "IDf": "0961-2",
    "ID": 9612,
    "targetfeature": "color",
    "targetfeaturenum": 3,
    "targeteduttcode": "22a2b-2b",
    "numFeatures": 4,
    "featuresPresent": [
      "cloud",
      "square",
      "solid",
      "polka-dotted"
    ]
  },
  {
    "item": [
      "221",
      "131",
      "223"
    ],
    "utterancecode": "22a2b",
    "IDf": "1559-2",
    "ID": 15592,
    "targetfeature": "color",
    "targetfeaturenum": 3,
    "targeteduttcode": "22a2b-2b",
    "numFeatures": 4,
    "featuresPresent": [
      "cloud",
      "circle",
      "striped",
      "polka-dotted"
    ]
  },
  {
    "item": [
      "131",
      "212",
      "132"
    ],
    "utterancecode": "22a2b",
    "IDf": "0506-2",
    "ID": 5062,
    "targetfeature": "color",
    "targetfeaturenum": 3,
    "targeteduttcode": "22a2b-2b",
    "numFeatures": 4,
    "featuresPresent": [
      "cloud",
      "circle",
      "solid",
      "polka-dotted"
    ]
  },
  {
    "item": [
      "221",
      "231",
      "332"
    ],
    "utterancecode": "22a2b",
    "IDf": "0705-1",
    "ID": 7051,
    "targetfeature": "texture",
    "targetfeaturenum": 2,
    "targeteduttcode": "22a2b-2b",
    "numFeatures": 4,
    "featuresPresent": [
      "circle",
      "square",
      "blue",
      "red"
    ]
  },
  {
    "item": [
      "222",
      "322",
      "233"
    ],
    "utterancecode": "22a2b",
    "IDf": "2404-0",
    "ID": 24040,
    "targetfeature": "shape",
    "targetfeaturenum": 1,
    "targeteduttcode": "22a2b-2b",
    "numFeatures": 4,
    "featuresPresent": [
      "striped",
      "polka-dotted",
      "red",
      "green"
    ]
  },
  {
    "item": [
      "321",
      "213",
      "313"
    ],
    "utterancecode": "22a2b",
    "IDf": "1316-0",
    "ID": 13160,
    "targetfeature": "shape",
    "targetfeaturenum": 1,
    "targeteduttcode": "22a2b-2b",
    "numFeatures": 4,
    "featuresPresent": [
      "solid",
      "striped",
      "blue",
      "green"
    ]
  },
  {
    "item": [
      "212",
      "222",
      "323"
    ],
    "utterancecode": "22a2b",
    "IDf": "1859-1",
    "ID": 18591,
    "targetfeature": "texture",
    "targetfeaturenum": 2,
    "targeteduttcode": "22a2b-2b",
    "numFeatures": 4,
    "featuresPresent": [
      "circle",
      "square",
      "red",
      "green"
    ]
  },
  {
    "item": [
      "321",
      "131",
      "133"
    ],
    "utterancecode": "22a2b",
    "IDf": "2044-2",
    "ID": 20442,
    "targetfeature": "color",
    "targetfeaturenum": 3,
    "targeteduttcode": "22a2b-2b",
    "numFeatures": 4,
    "featuresPresent": [
      "cloud",
      "square",
      "striped",
      "polka-dotted"
    ]
  },
  {
    "item": [
      "321",
      "222",
      "232"
    ],
    "utterancecode": "22a2b",
    "IDf": "0643-1",
    "ID": 6431,
    "targetfeature": "texture",
    "targetfeaturenum": 2,
    "targeteduttcode": "22a2b-2b",
    "numFeatures": 4,
    "featuresPresent": [
      "circle",
      "square",
      "blue",
      "red"
    ]
  },
  {
    "item": [
      "311",
      "131",
      "133"
    ],
    "utterancecode": "22a2b",
    "IDf": "2041-2",
    "ID": 20412,
    "targetfeature": "color",
    "targetfeaturenum": 3,
    "targeteduttcode": "22a2b-2b",
    "numFeatures": 4,
    "featuresPresent": [
      "cloud",
      "square",
      "solid",
      "polka-dotted"
    ]
  },
  {
    "item": [
      "221",
      "212",
      "312"
    ],
    "utterancecode": "22a2b",
    "IDf": "0214-0",
    "ID": 2140,
    "targetfeature": "shape",
    "targetfeaturenum": 1,
    "targeteduttcode": "22a2b-2b",
    "numFeatures": 4,
    "featuresPresent": [
      "solid",
      "striped",
      "blue",
      "red"
    ]
  },
  {
    "item": [
      "221",
      "112",
      "222"
    ],
    "utterancecode": "22a2b",
    "IDf": "0326-2",
    "ID": 3262,
    "targetfeature": "color",
    "targetfeaturenum": 3,
    "targeteduttcode": "22a2b-2b",
    "numFeatures": 4,
    "featuresPresent": [
      "cloud",
      "circle",
      "solid",
      "striped"
    ]
  },
  {
    "item": [
      "122",
      "132",
      "223"
    ],
    "utterancecode": "22a2b",
    "IDf": "1657-1",
    "ID": 16571,
    "targetfeature": "texture",
    "targetfeaturenum": 2,
    "targeteduttcode": "22a2b-2b",
    "numFeatures": 4,
    "featuresPresent": [
      "cloud",
      "circle",
      "red",
      "green"
    ]
  },
  {
    "item": [
      "311",
      "121",
      "123"
    ],
    "utterancecode": "22a2b",
    "IDf": "1335-2",
    "ID": 13352,
    "targetfeature": "color",
    "targetfeaturenum": 3,
    "targeteduttcode": "22a2b-2b",
    "numFeatures": 4,
    "featuresPresent": [
      "cloud",
      "square",
      "solid",
      "striped"
    ]
  },
  {
    "item": [
      "222",
      "313",
      "223"
    ],
    "utterancecode": "22a2b",
    "IDf": "1743-2",
    "ID": 17432,
    "targetfeature": "color",
    "targetfeaturenum": 3,
    "targeteduttcode": "22a2b-2b",
    "numFeatures": 4,
    "featuresPresent": [
      "circle",
      "square",
      "solid",
      "striped"
    ]
  },
  {
    "item": [
      "321",
      "133",
      "333"
    ],
    "utterancecode": "22a2b",
    "IDf": "2881-0",
    "ID": 28810,
    "targetfeature": "shape",
    "targetfeaturenum": 1,
    "targeteduttcode": "22a2b-2b",
    "numFeatures": 4,
    "featuresPresent": [
      "striped",
      "polka-dotted",
      "blue",
      "green"
    ]
  },
  {
    "item": [
      "311",
      "221",
      "313"
    ],
    "utterancecode": "22a2b",
    "IDf": "1148-2",
    "ID": 11482,
    "targetfeature": "color",
    "targetfeaturenum": 3,
    "targeteduttcode": "22a2b-2b",
    "numFeatures": 4,
    "featuresPresent": [
      "circle",
      "square",
      "solid",
      "striped"
    ]
  },
  {
    "item": [
      "321",
      "213",
      "223"
    ],
    "utterancecode": "22a2b",
    "IDf": "1716-1",
    "ID": 17161,
    "targetfeature": "texture",
    "targetfeaturenum": 2,
    "targeteduttcode": "22a2b-2b",
    "numFeatures": 4,
    "featuresPresent": [
      "circle",
      "square",
      "blue",
      "green"
    ]
  },
  {
    "item": [
      "112",
      "123",
      "323"
    ],
    "utterancecode": "22a2b",
    "IDf": "1990-0",
    "ID": 19900,
    "targetfeature": "shape",
    "targetfeaturenum": 1,
    "targeteduttcode": "22a2b-2b",
    "numFeatures": 4,
    "featuresPresent": [
      "solid",
      "striped",
      "red",
      "green"
    ]
  },
  {
    "item": [
      "221",
      "321",
      "232"
    ],
    "utterancecode": "22a2b",
    "IDf": "0574-0",
    "ID": 5740,
    "targetfeature": "shape",
    "targetfeaturenum": 1,
    "targeteduttcode": "22a2b-2b",
    "numFeatures": 4,
    "featuresPresent": [
      "striped",
      "polka-dotted",
      "blue",
      "red"
    ]
  },
  {
    "item": [
      "211",
      "233",
      "333"
    ],
    "utterancecode": "22a2b",
    "IDf": "2901-0",
    "ID": 29010,
    "targetfeature": "shape",
    "targetfeaturenum": 1,
    "targeteduttcode": "22a2b-2b",
    "numFeatures": 4,
    "featuresPresent": [
      "solid",
      "polka-dotted",
      "blue",
      "green"
    ]
  },
  {
    "item": [
      "221",
      "321",
      "332"
    ],
    "utterancecode": "22a2b",
    "IDf": "0694-0",
    "ID": 6940,
    "targetfeature": "shape",
    "targetfeaturenum": 1,
    "targeteduttcode": "22a2b-2b",
    "numFeatures": 4,
    "featuresPresent": [
      "striped",
      "polka-dotted",
      "blue",
      "red"
    ]
  },
  {
    "item": [
      "131",
      "123",
      "323"
    ],
    "utterancecode": "22a2b",
    "IDf": "1987-0",
    "ID": 19870,
    "targetfeature": "shape",
    "targetfeaturenum": 1,
    "targeteduttcode": "22a2b-2b",
    "numFeatures": 4,
    "featuresPresent": [
      "striped",
      "polka-dotted",
      "blue",
      "green"
    ]
  }
]