[
  {
    "item": [
      "132",
      "113",
      "213"
    ],
    "utterancecode": "22a2b",
    "IDf": "1137-1",
    "ID": 11371,
    "targetfeature": "texture",
    "targetfeaturenum": 2,
    "targeteduttcode": "22a2b-2a",
    "numFeatures": 4,
    "featuresPresent": [
      "cloud",
      "circle",
      "red",
      "green"
    ]
  },
  {
    "item": [
      "132",
      "113",
      "213"
    ],
    "utterancecode": "22a2b",
    "IDf": "1137-2",
    "ID": 11372,
    "targetfeature": "color",
    "targetfeaturenum": 3,
    "targeteduttcode": "22a2b-2a",
    "numFeatures": 4,
    "featuresPresent": [
      "cloud",
      "circle",
      "solid",
      "polka-dotted"
    ]
  },
  {
    "item": [
      "231",
      "113",
      "233"
    ],
    "utterancecode": "22a2b",
    "IDf": "2460-1",
    "ID": 24601,
    "targetfeature": "texture",
    "targetfeaturenum": 2,
    "targeteduttcode": "22a2b-2a",
    "numFeatures": 4,
    "featuresPresent": [
      "cloud",
      "circle",
      "blue",
      "green"
    ]
  },
  {
    "item": [
      "231",
      "113",
      "233"
    ],
    "utterancecode": "22a2b",
    "IDf": "2460-0",
    "ID": 24600,
    "targetfeature": "shape",
    "targetfeaturenum": 1,
    "targeteduttcode": "22a2b-2a",
    "numFeatures": 4,
    "featuresPresent": [
      "solid",
      "polka-dotted",
      "blue",
      "green"
    ]
  },
  {
    "item": [
      "111",
      "312",
      "332"
    ],
    "utterancecode": "22a2b",
    "IDf": "0735-2",
    "ID": 7352,
    "targetfeature": "color",
    "targetfeaturenum": 3,
    "targeteduttcode": "22a2b-2a",
    "numFeatures": 4,
    "featuresPresent": [
      "cloud",
      "square",
      "solid",
      "polka-dotted"
    ]
  },
  {
    "item": [
      "111",
      "312",
      "332"
    ],
    "utterancecode": "22a2b",
    "IDf": "0735-0",
    "ID": 7350,
    "targetfeature": "shape",
    "targetfeaturenum": 1,
    "targeteduttcode": "22a2b-2a",
    "numFeatures": 4,
    "featuresPresent": [
      "solid",
      "polka-dotted",
      "blue",
      "red"
    ]
  },
  {
    "item": [
      "111",
      "331",
      "112"
    ],
    "utterancecode": "22a2b",
    "IDf": "0112-0",
    "ID": 1120,
    "targetfeature": "shape",
    "targetfeaturenum": 1,
    "targeteduttcode": "22a2b-2a",
    "numFeatures": 4,
    "featuresPresent": [
      "solid",
      "polka-dotted",
      "blue",
      "red"
    ]
  },
  {
    "item": [
      "111",
      "331",
      "112"
    ],
    "utterancecode": "22a2b",
    "IDf": "0112-1",
    "ID": 1121,
    "targetfeature": "texture",
    "targetfeaturenum": 2,
    "targeteduttcode": "22a2b-2a",
    "numFeatures": 4,
    "featuresPresent": [
      "cloud",
      "square",
      "blue",
      "red"
    ]
  },
  {
    "item": [
      "331",
      "212",
      "332"
    ],
    "utterancecode": "22a2b",
    "IDf": "0733-0",
    "ID": 7330,
    "targetfeature": "shape",
    "targetfeaturenum": 1,
    "targeteduttcode": "22a2b-2a",
    "numFeatures": 4,
    "featuresPresent": [
      "solid",
      "polka-dotted",
      "blue",
      "red"
    ]
  },
  {
    "item": [
      "331",
      "212",
      "332"
    ],
    "utterancecode": "22a2b",
    "IDf": "0733-1",
    "ID": 7331,
    "targetfeature": "texture",
    "targetfeaturenum": 2,
    "targeteduttcode": "22a2b-2a",
    "numFeatures": 4,
    "featuresPresent": [
      "circle",
      "square",
      "blue",
      "red"
    ]
  },
  {
    "item": [
      "311",
      "331",
      "213"
    ],
    "utterancecode": "22a2b",
    "IDf": "0999-0",
    "ID": 9990,
    "targetfeature": "shape",
    "targetfeaturenum": 1,
    "targeteduttcode": "22a2b-2a",
    "numFeatures": 4,
    "featuresPresent": [
      "solid",
      "polka-dotted",
      "blue",
      "green"
    ]
  },
  {
    "item": [
      "311",
      "331",
      "213"
    ],
    "utterancecode": "22a2b",
    "IDf": "0999-2",
    "ID": 9992,
    "targetfeature": "color",
    "targetfeaturenum": 3,
    "targeteduttcode": "22a2b-2a",
    "numFeatures": 4,
    "featuresPresent": [
      "circle",
      "square",
      "solid",
      "polka-dotted"
    ]
  },
  {
    "item": [
      "112",
      "113",
      "323"
    ],
    "utterancecode": "22a2b",
    "IDf": "1933-1",
    "ID": 19331,
    "targetfeature": "texture",
    "targetfeaturenum": 2,
    "targeteduttcode": "22a2b-2a",
    "numFeatures": 4,
    "featuresPresent": [
      "cloud",
      "square",
      "red",
      "green"
    ]
  },
  {
    "item": [
      "112",
      "113",
      "323"
    ],
    "utterancecode": "22a2b",
    "IDf": "1933-0",
    "ID": 19330,
    "targetfeature": "shape",
    "targetfeaturenum": 1,
    "targeteduttcode": "22a2b-2a",
    "numFeatures": 4,
    "featuresPresent": [
      "solid",
      "striped",
      "red",
      "green"
    ]
  },
  {
    "item": [
      "121",
      "221",
      "233"
    ],
    "utterancecode": "22a2b",
    "IDf": "2309-1",
    "ID": 23091,
    "targetfeature": "texture",
    "targetfeaturenum": 2,
    "targeteduttcode": "22a2b-2a",
    "numFeatures": 4,
    "featuresPresent": [
      "cloud",
      "circle",
      "blue",
      "green"
    ]
  },
  {
    "item": [
      "121",
      "221",
      "233"
    ],
    "utterancecode": "22a2b",
    "IDf": "2309-2",
    "ID": 23092,
    "targetfeature": "color",
    "targetfeaturenum": 3,
    "targeteduttcode": "22a2b-2a",
    "numFeatures": 4,
    "featuresPresent": [
      "cloud",
      "circle",
      "striped",
      "polka-dotted"
    ]
  },
  {
    "item": [
      "112",
      "312",
      "133"
    ],
    "utterancecode": "22a2b",
    "IDf": "2088-2",
    "ID": 20882,
    "targetfeature": "color",
    "targetfeaturenum": 3,
    "targeteduttcode": "22a2b-2a",
    "numFeatures": 4,
    "featuresPresent": [
      "cloud",
      "square",
      "solid",
      "polka-dotted"
    ]
  },
  {
    "item": [
      "112",
      "312",
      "133"
    ],
    "utterancecode": "22a2b",
    "IDf": "2088-1",
    "ID": 20881,
    "targetfeature": "texture",
    "targetfeaturenum": 2,
    "targeteduttcode": "22a2b-2a",
    "numFeatures": 4,
    "featuresPresent": [
      "cloud",
      "square",
      "red",
      "green"
    ]
  },
  {
    "item": [
      "122",
      "223",
      "233"
    ],
    "utterancecode": "22a2b",
    "IDf": "2543-2",
    "ID": 25432,
    "targetfeature": "color",
    "targetfeaturenum": 3,
    "targeteduttcode": "22a2b-2a",
    "numFeatures": 4,
    "featuresPresent": [
      "cloud",
      "circle",
      "striped",
      "polka-dotted"
    ]
  },
  {
    "item": [
      "122",
      "223",
      "233"
    ],
    "utterancecode": "22a2b",
    "IDf": "2543-0",
    "ID": 25430,
    "targetfeature": "shape",
    "targetfeaturenum": 1,
    "targeteduttcode": "22a2b-2a",
    "numFeatures": 4,
    "featuresPresent": [
      "striped",
      "polka-dotted",
      "red",
      "green"
    ]
  },
  {
    "item": [
      "231",
      "331",
      "313"
    ],
    "utterancecode": "22a2b",
    "IDf": "1175-1",
    "ID": 11751,
    "targetfeature": "texture",
    "targetfeaturenum": 2,
    "targeteduttcode": "22a2b-2a",
    "numFeatures": 4,
    "featuresPresent": [
      "circle",
      "square",
      "blue",
      "green"
    ]
  },
  {
    "item": [
      "231",
      "331",
      "313"
    ],
    "utterancecode": "22a2b",
    "IDf": "1175-2",
    "ID": 11752,
    "targetfeature": "color",
    "targetfeaturenum": 3,
    "targeteduttcode": "22a2b-2a",
    "numFeatures": 4,
    "featuresPresent": [
      "circle",
      "square",
      "solid",
      "polka-dotted"
    ]
  },
  {
    "item": [
      "121",
      "131",
      "323"
    ],
    "utterancecode": "22a2b",
    "IDf": "1789-0",
    "ID": 17890,
    "targetfeature": "shape",
    "targetfeaturenum": 1,
    "targeteduttcode": "22a2b-2a",
    "numFeatures": 4,
    "featuresPresent": [
      "striped",
      "polka-dotted",
      "blue",
      "green"
    ]
  },
  {
    "item": [
      "121",
      "131",
      "323"
    ],
    "utterancecode": "22a2b",
    "IDf": "1789-2",
    "ID": 17892,
    "targetfeature": "color",
    "targetfeaturenum": 3,
    "targeteduttcode": "22a2b-2a",
    "numFeatures": 4,
    "featuresPresent": [
      "cloud",
      "square",
      "striped",
      "polka-dotted"
    ]
  },
  {
    "item": [
      "221",
      "231",
      "333"
    ],
    "utterancecode": "22a2b",
    "IDf": "2625-0",
    "ID": 26250,
    "targetfeature": "shape",
    "targetfeaturenum": 1,
    "targeteduttcode": "22a2b-2a",
    "numFeatures": 4,
    "featuresPresent": [
      "striped",
      "polka-dotted",
      "blue",
      "green"
    ]
  },
  {
    "item": [
      "221",
      "231",
      "333"
    ],
    "utterancecode": "22a2b",
    "IDf": "2625-2",
    "ID": 26252,
    "targetfeature": "color",
    "targetfeaturenum": 3,
    "targeteduttcode": "22a2b-2a",
    "numFeatures": 4,
    "featuresPresent": [
      "circle",
      "square",
      "striped",
      "polka-dotted"
    ]
  },
  {
    "item": [
      "121",
      "132",
      "232"
    ],
    "utterancecode": "22a2b",
    "IDf": "0668-2",
    "ID": 6682,
    "targetfeature": "color",
    "targetfeaturenum": 3,
    "targeteduttcode": "22a2b-2a",
    "numFeatures": 4,
    "featuresPresent": [
      "cloud",
      "circle",
      "striped",
      "polka-dotted"
    ]
  },
  {
    "item": [
      "121",
      "132",
      "232"
    ],
    "utterancecode": "22a2b",
    "IDf": "0668-1",
    "ID": 6681,
    "targetfeature": "texture",
    "targetfeaturenum": 2,
    "targeteduttcode": "22a2b-2a",
    "numFeatures": 4,
    "featuresPresent": [
      "cloud",
      "circle",
      "blue",
      "red"
    ]
  },
  {
    "item": [
      "122",
      "322",
      "113"
    ],
    "utterancecode": "22a2b",
    "IDf": "0919-1",
    "ID": 9191,
    "targetfeature": "texture",
    "targetfeaturenum": 2,
    "targeteduttcode": "22a2b-2a",
    "numFeatures": 4,
    "featuresPresent": [
      "cloud",
      "square",
      "red",
      "green"
    ]
  },
  {
    "item": [
      "122",
      "322",
      "113"
    ],
    "utterancecode": "22a2b",
    "IDf": "0919-2",
    "ID": 9192,
    "targetfeature": "color",
    "targetfeaturenum": 3,
    "targeteduttcode": "22a2b-2a",
    "numFeatures": 4,
    "featuresPresent": [
      "cloud",
      "square",
      "solid",
      "striped"
    ]
  },
  {
    "item": [
      "312",
      "322",
      "213"
    ],
    "utterancecode": "22a2b",
    "IDf": "1071-2",
    "ID": 10712,
    "targetfeature": "color",
    "targetfeaturenum": 3,
    "targeteduttcode": "22a2b-2a",
    "numFeatures": 4,
    "featuresPresent": [
      "circle",
      "square",
      "solid",
      "striped"
    ]
  },
  {
    "item": [
      "312",
      "322",
      "213"
    ],
    "utterancecode": "22a2b",
    "IDf": "1071-0",
    "ID": 10710,
    "targetfeature": "shape",
    "targetfeaturenum": 1,
    "targeteduttcode": "22a2b-2a",
    "numFeatures": 4,
    "featuresPresent": [
      "solid",
      "striped",
      "red",
      "green"
    ]
  },
  {
    "item": [
      "312",
      "113",
      "133"
    ],
    "utterancecode": "22a2b",
    "IDf": "2188-0",
    "ID": 21880,
    "targetfeature": "shape",
    "targetfeaturenum": 1,
    "targeteduttcode": "22a2b-2a",
    "numFeatures": 4,
    "featuresPresent": [
      "solid",
      "polka-dotted",
      "red",
      "green"
    ]
  },
  {
    "item": [
      "312",
      "113",
      "133"
    ],
    "utterancecode": "22a2b",
    "IDf": "2188-2",
    "ID": 21882,
    "targetfeature": "color",
    "targetfeaturenum": 3,
    "targeteduttcode": "22a2b-2a",
    "numFeatures": 4,
    "featuresPresent": [
      "cloud",
      "square",
      "solid",
      "polka-dotted"
    ]
  },
  {
    "item": [
      "111",
      "212",
      "222"
    ],
    "utterancecode": "22a2b",
    "IDf": "0331-2",
    "ID": 3312,
    "targetfeature": "color",
    "targetfeaturenum": 3,
    "targeteduttcode": "22a2b-2a",
    "numFeatures": 4,
    "featuresPresent": [
      "cloud",
      "circle",
      "solid",
      "striped"
    ]
  },
  {
    "item": [
      "111",
      "212",
      "222"
    ],
    "utterancecode": "22a2b",
    "IDf": "0331-0",
    "ID": 3310,
    "targetfeature": "shape",
    "targetfeaturenum": 1,
    "targeteduttcode": "22a2b-2a",
    "numFeatures": 4,
    "featuresPresent": [
      "solid",
      "striped",
      "blue",
      "red"
    ]
  },
  {
    "item": [
      "211",
      "221",
      "322"
    ],
    "utterancecode": "22a2b",
    "IDf": "0371-0",
    "ID": 3710,
    "targetfeature": "shape",
    "targetfeaturenum": 1,
    "targeteduttcode": "22a2b-2a",
    "numFeatures": 4,
    "featuresPresent": [
      "solid",
      "striped",
      "blue",
      "red"
    ]
  },
  {
    "item": [
      "211",
      "221",
      "322"
    ],
    "utterancecode": "22a2b",
    "IDf": "0371-2",
    "ID": 3712,
    "targetfeature": "color",
    "targetfeaturenum": 3,
    "targeteduttcode": "22a2b-2a",
    "numFeatures": 4,
    "featuresPresent": [
      "circle",
      "square",
      "solid",
      "striped"
    ]
  },
  {
    "item": [
      "221",
      "222",
      "332"
    ],
    "utterancecode": "22a2b",
    "IDf": "0762-1",
    "ID": 7621,
    "targetfeature": "texture",
    "targetfeaturenum": 2,
    "targeteduttcode": "22a2b-2a",
    "numFeatures": 4,
    "featuresPresent": [
      "circle",
      "square",
      "blue",
      "red"
    ]
  },
  {
    "item": [
      "221",
      "222",
      "332"
    ],
    "utterancecode": "22a2b",
    "IDf": "0762-0",
    "ID": 7620,
    "targetfeature": "shape",
    "targetfeaturenum": 1,
    "targeteduttcode": "22a2b-2a",
    "numFeatures": 4,
    "featuresPresent": [
      "striped",
      "polka-dotted",
      "blue",
      "red"
    ]
  },
  {
    "item": [
      "222",
      "223",
      "133"
    ],
    "utterancecode": "22a2b",
    "IDf": "2268-0",
    "ID": 22680,
    "targetfeature": "shape",
    "targetfeaturenum": 1,
    "targeteduttcode": "22a2b-2a",
    "numFeatures": 4,
    "featuresPresent": [
      "striped",
      "polka-dotted",
      "red",
      "green"
    ]
  },
  {
    "item": [
      "222",
      "223",
      "133"
    ],
    "utterancecode": "22a2b",
    "IDf": "2268-1",
    "ID": 22681,
    "targetfeature": "texture",
    "targetfeaturenum": 2,
    "targeteduttcode": "22a2b-2a",
    "numFeatures": 4,
    "featuresPresent": [
      "cloud",
      "circle",
      "red",
      "green"
    ]
  },
  {
    "item": [
      "221",
      "312",
      "322"
    ],
    "utterancecode": "22a2b",
    "IDf": "0423-0",
    "ID": 4230,
    "targetfeature": "shape",
    "targetfeaturenum": 1,
    "targeteduttcode": "22a2b-2a",
    "numFeatures": 4,
    "featuresPresent": [
      "solid",
      "striped",
      "blue",
      "red"
    ]
  },
  {
    "item": [
      "221",
      "312",
      "322"
    ],
    "utterancecode": "22a2b",
    "IDf": "0423-2",
    "ID": 4232,
    "targetfeature": "color",
    "targetfeaturenum": 3,
    "targeteduttcode": "22a2b-2a",
    "numFeatures": 4,
    "featuresPresent": [
      "circle",
      "square",
      "solid",
      "striped"
    ]
  },
  {
    "item": [
      "132",
      "332",
      "323"
    ],
    "utterancecode": "22a2b",
    "IDf": "1922-1",
    "ID": 19221,
    "targetfeature": "texture",
    "targetfeaturenum": 2,
    "targeteduttcode": "22a2b-2a",
    "numFeatures": 4,
    "featuresPresent": [
      "cloud",
      "square",
      "red",
      "green"
    ]
  },
  {
    "item": [
      "132",
      "332",
      "323"
    ],
    "utterancecode": "22a2b",
    "IDf": "1922-2",
    "ID": 19222,
    "targetfeature": "color",
    "targetfeaturenum": 3,
    "targeteduttcode": "22a2b-2a",
    "numFeatures": 4,
    "featuresPresent": [
      "cloud",
      "square",
      "striped",
      "polka-dotted"
    ]
  },
  {
    "item": [
      "211",
      "221",
      "312"
    ],
    "utterancecode": "22a2b",
    "IDf": "0172-0",
    "ID": 1720,
    "targetfeature": "shape",
    "targetfeaturenum": 1,
    "targeteduttcode": "22a2b-2a",
    "numFeatures": 4,
    "featuresPresent": [
      "solid",
      "striped",
      "blue",
      "red"
    ]
  },
  {
    "item": [
      "211",
      "221",
      "312"
    ],
    "utterancecode": "22a2b",
    "IDf": "0172-2",
    "ID": 1722,
    "targetfeature": "color",
    "targetfeaturenum": 3,
    "targeteduttcode": "22a2b-2a",
    "numFeatures": 4,
    "featuresPresent": [
      "circle",
      "square",
      "solid",
      "striped"
    ]
  },
  {
    "item": [
      "312",
      "232",
      "313"
    ],
    "utterancecode": "22a2b",
    "IDf": "1271-0",
    "ID": 12710,
    "targetfeature": "shape",
    "targetfeaturenum": 1,
    "targeteduttcode": "22a2b-2a",
    "numFeatures": 4,
    "featuresPresent": [
      "solid",
      "polka-dotted",
      "red",
      "green"
    ]
  },
  {
    "item": [
      "312",
      "232",
      "313"
    ],
    "utterancecode": "22a2b",
    "IDf": "1271-1",
    "ID": 12711,
    "targetfeature": "texture",
    "targetfeaturenum": 2,
    "targeteduttcode": "22a2b-2a",
    "numFeatures": 4,
    "featuresPresent": [
      "circle",
      "square",
      "red",
      "green"
    ]
  }
]