[
  {
    "item": [
      "231",
      "112",
      "222"
    ],
    "utterancecode": "22b1",
    "IDf": "0329-1",
    "ID": 3291,
    "targetfeature": "texture",
    "targetfeaturenum": 2,
    "targeteduttcode": "22b1-3",
    "numFeatures": 4,
    "featuresPresent": [
      "cloud",
      "circle",
      "blue",
      "red"
    ]
  },
  {
    "item": [
      "331",
      "212",
      "313"
    ],
    "utterancecode": "22b1",
    "IDf": "1193-2",
    "ID": 11932,
    "targetfeature": "color",
    "targetfeaturenum": 3,
    "targeteduttcode": "22b1-3",
    "numFeatures": 4,
    "featuresPresent": [
      "circle",
      "square",
      "solid",
      "polka-dotted"
    ]
  },
  {
    "item": [
      "122",
      "332",
      "113"
    ],
    "utterancecode": "22b1",
    "IDf": "0964-1",
    "ID": 9641,
    "targetfeature": "texture",
    "targetfeaturenum": 2,
    "targeteduttcode": "22b1-3",
    "numFeatures": 4,
    "featuresPresent": [
      "cloud",
      "square",
      "red",
      "green"
    ]
  },
  {
    "item": [
      "121",
      "312",
      "113"
    ],
    "utterancecode": "22b1",
    "IDf": "0874-2",
    "ID": 8742,
    "targetfeature": "color",
    "targetfeaturenum": 3,
    "targeteduttcode": "22b1-3",
    "numFeatures": 4,
    "featuresPresent": [
      "cloud",
      "square",
      "solid",
      "striped"
    ]
  },
  {
    "item": [
      "111",
      "122",
      "323"
    ],
    "utterancecode": "22b1",
    "IDf": "1837-2",
    "ID": 18372,
    "targetfeature": "color",
    "targetfeaturenum": 3,
    "targeteduttcode": "22b1-3",
    "numFeatures": 4,
    "featuresPresent": [
      "cloud",
      "square",
      "solid",
      "striped"
    ]
  },
  {
    "item": [
      "221",
      "312",
      "323"
    ],
    "utterancecode": "22b1",
    "IDf": "1830-2",
    "ID": 18302,
    "targetfeature": "color",
    "targetfeaturenum": 3,
    "targeteduttcode": "22b1-3",
    "numFeatures": 4,
    "featuresPresent": [
      "circle",
      "square",
      "solid",
      "striped"
    ]
  },
  {
    "item": [
      "311",
      "231",
      "223"
    ],
    "utterancecode": "22b1",
    "IDf": "1563-1",
    "ID": 15631,
    "targetfeature": "texture",
    "targetfeaturenum": 2,
    "targeteduttcode": "22b1-3",
    "numFeatures": 4,
    "featuresPresent": [
      "circle",
      "square",
      "blue",
      "green"
    ]
  },
  {
    "item": [
      "312",
      "122",
      "133"
    ],
    "utterancecode": "22b1",
    "IDf": "2101-1",
    "ID": 21011,
    "targetfeature": "texture",
    "targetfeaturenum": 2,
    "targeteduttcode": "22b1-3",
    "numFeatures": 4,
    "featuresPresent": [
      "cloud",
      "square",
      "red",
      "green"
    ]
  },
  {
    "item": [
      "231",
      "222",
      "323"
    ],
    "utterancecode": "22b1",
    "IDf": "1856-2",
    "ID": 18562,
    "targetfeature": "color",
    "targetfeaturenum": 3,
    "targeteduttcode": "22b1-3",
    "numFeatures": 4,
    "featuresPresent": [
      "circle",
      "square",
      "striped",
      "polka-dotted"
    ]
  },
  {
    "item": [
      "221",
      "112",
      "213"
    ],
    "utterancecode": "22b1",
    "IDf": "1009-2",
    "ID": 10092,
    "targetfeature": "color",
    "targetfeaturenum": 3,
    "targeteduttcode": "22b1-3",
    "numFeatures": 4,
    "featuresPresent": [
      "cloud",
      "circle",
      "solid",
      "striped"
    ]
  },
  {
    "item": [
      "221",
      "232",
      "123"
    ],
    "utterancecode": "22b1",
    "IDf": "1454-2",
    "ID": 14542,
    "targetfeature": "color",
    "targetfeaturenum": 3,
    "targeteduttcode": "22b1-3",
    "numFeatures": 4,
    "featuresPresent": [
      "cloud",
      "circle",
      "striped",
      "polka-dotted"
    ]
  },
  {
    "item": [
      "121",
      "113",
      "333"
    ],
    "utterancecode": "22b1",
    "IDf": "2756-1",
    "ID": 27561,
    "targetfeature": "texture",
    "targetfeaturenum": 2,
    "targeteduttcode": "22b1-3",
    "numFeatures": 4,
    "featuresPresent": [
      "cloud",
      "square",
      "blue",
      "green"
    ]
  },
  {
    "item": [
      "321",
      "131",
      "113"
    ],
    "utterancecode": "22b1",
    "IDf": "0836-1",
    "ID": 8361,
    "targetfeature": "texture",
    "targetfeaturenum": 2,
    "targeteduttcode": "22b1-3",
    "numFeatures": 4,
    "featuresPresent": [
      "cloud",
      "square",
      "blue",
      "green"
    ]
  },
  {
    "item": [
      "232",
      "323",
      "133"
    ],
    "utterancecode": "22b1",
    "IDf": "2293-0",
    "ID": 22930,
    "targetfeature": "shape",
    "targetfeaturenum": 1,
    "targeteduttcode": "22b1-3",
    "numFeatures": 4,
    "featuresPresent": [
      "striped",
      "polka-dotted",
      "red",
      "green"
    ]
  },
  {
    "item": [
      "311",
      "213",
      "133"
    ],
    "utterancecode": "22b1",
    "IDf": "2197-0",
    "ID": 21970,
    "targetfeature": "shape",
    "targetfeaturenum": 1,
    "targeteduttcode": "22b1-3",
    "numFeatures": 4,
    "featuresPresent": [
      "solid",
      "polka-dotted",
      "blue",
      "green"
    ]
  },
  {
    "item": [
      "121",
      "232",
      "223"
    ],
    "utterancecode": "22b1",
    "IDf": "1663-2",
    "ID": 16632,
    "targetfeature": "color",
    "targetfeaturenum": 3,
    "targeteduttcode": "22b1-3",
    "numFeatures": 4,
    "featuresPresent": [
      "cloud",
      "circle",
      "striped",
      "polka-dotted"
    ]
  },
  {
    "item": [
      "222",
      "132",
      "333"
    ],
    "utterancecode": "22b1",
    "IDf": "2718-0",
    "ID": 27180,
    "targetfeature": "shape",
    "targetfeaturenum": 1,
    "targeteduttcode": "22b1-3",
    "numFeatures": 4,
    "featuresPresent": [
      "striped",
      "polka-dotted",
      "red",
      "green"
    ]
  },
  {
    "item": [
      "121",
      "222",
      "233"
    ],
    "utterancecode": "22b1",
    "IDf": "2381-2",
    "ID": 23812,
    "targetfeature": "color",
    "targetfeaturenum": 3,
    "targeteduttcode": "22b1-3",
    "numFeatures": 4,
    "featuresPresent": [
      "cloud",
      "circle",
      "striped",
      "polka-dotted"
    ]
  },
  {
    "item": [
      "322",
      "223",
      "133"
    ],
    "utterancecode": "22b1",
    "IDf": "2269-0",
    "ID": 22690,
    "targetfeature": "shape",
    "targetfeaturenum": 1,
    "targeteduttcode": "22b1-3",
    "numFeatures": 4,
    "featuresPresent": [
      "striped",
      "polka-dotted",
      "red",
      "green"
    ]
  },
  {
    "item": [
      "131",
      "232",
      "223"
    ],
    "utterancecode": "22b1",
    "IDf": "1666-2",
    "ID": 16662,
    "targetfeature": "color",
    "targetfeaturenum": 3,
    "targeteduttcode": "22b1-3",
    "numFeatures": 4,
    "featuresPresent": [
      "cloud",
      "circle",
      "striped",
      "polka-dotted"
    ]
  },
  {
    "item": [
      "111",
      "132",
      "233"
    ],
    "utterancecode": "22b1",
    "IDf": "2405-2",
    "ID": 24052,
    "targetfeature": "color",
    "targetfeaturenum": 3,
    "targeteduttcode": "22b1-3",
    "numFeatures": 4,
    "featuresPresent": [
      "cloud",
      "circle",
      "solid",
      "polka-dotted"
    ]
  },
  {
    "item": [
      "131",
      "232",
      "213"
    ],
    "utterancecode": "22b1",
    "IDf": "1095-2",
    "ID": 10952,
    "targetfeature": "color",
    "targetfeaturenum": 3,
    "targeteduttcode": "22b1-3",
    "numFeatures": 4,
    "featuresPresent": [
      "cloud",
      "circle",
      "solid",
      "polka-dotted"
    ]
  },
  {
    "item": [
      "311",
      "231",
      "113"
    ],
    "utterancecode": "22b1",
    "IDf": "0839-0",
    "ID": 8390,
    "targetfeature": "shape",
    "targetfeaturenum": 1,
    "targeteduttcode": "22b1-3",
    "numFeatures": 4,
    "featuresPresent": [
      "solid",
      "polka-dotted",
      "blue",
      "green"
    ]
  },
  {
    "item": [
      "311",
      "231",
      "222"
    ],
    "utterancecode": "22b1",
    "IDf": "0309-1",
    "ID": 3091,
    "targetfeature": "texture",
    "targetfeaturenum": 2,
    "targeteduttcode": "22b1-3",
    "numFeatures": 4,
    "featuresPresent": [
      "circle",
      "square",
      "blue",
      "red"
    ]
  },
  {
    "item": [
      "311",
      "222",
      "332"
    ],
    "utterancecode": "22b1",
    "IDf": "0760-1",
    "ID": 7601,
    "targetfeature": "texture",
    "targetfeaturenum": 2,
    "targeteduttcode": "22b1-3",
    "numFeatures": 4,
    "featuresPresent": [
      "circle",
      "square",
      "blue",
      "red"
    ]
  },
  {
    "item": [
      "221",
      "322",
      "333"
    ],
    "utterancecode": "22b1",
    "IDf": "2695-2",
    "ID": 26952,
    "targetfeature": "color",
    "targetfeaturenum": 3,
    "targeteduttcode": "22b1-3",
    "numFeatures": 4,
    "featuresPresent": [
      "circle",
      "square",
      "striped",
      "polka-dotted"
    ]
  },
  {
    "item": [
      "121",
      "223",
      "333"
    ],
    "utterancecode": "22b1",
    "IDf": "2834-0",
    "ID": 28340,
    "targetfeature": "shape",
    "targetfeaturenum": 1,
    "targeteduttcode": "22b1-3",
    "numFeatures": 4,
    "featuresPresent": [
      "striped",
      "polka-dotted",
      "blue",
      "green"
    ]
  },
  {
    "item": [
      "211",
      "112",
      "223"
    ],
    "utterancecode": "22b1",
    "IDf": "1577-2",
    "ID": 15772,
    "targetfeature": "color",
    "targetfeaturenum": 3,
    "targeteduttcode": "22b1-3",
    "numFeatures": 4,
    "featuresPresent": [
      "cloud",
      "circle",
      "solid",
      "striped"
    ]
  },
  {
    "item": [
      "121",
      "322",
      "113"
    ],
    "utterancecode": "22b1",
    "IDf": "0910-2",
    "ID": 9102,
    "targetfeature": "color",
    "targetfeaturenum": 3,
    "targeteduttcode": "22b1-3",
    "numFeatures": 4,
    "featuresPresent": [
      "cloud",
      "square",
      "solid",
      "striped"
    ]
  },
  {
    "item": [
      "211",
      "223",
      "133"
    ],
    "utterancecode": "22b1",
    "IDf": "2256-1",
    "ID": 22561,
    "targetfeature": "texture",
    "targetfeaturenum": 2,
    "targeteduttcode": "22b1-3",
    "numFeatures": 4,
    "featuresPresent": [
      "cloud",
      "circle",
      "blue",
      "green"
    ]
  },
  {
    "item": [
      "111",
      "332",
      "133"
    ],
    "utterancecode": "22b1",
    "IDf": "2160-2",
    "ID": 21602,
    "targetfeature": "color",
    "targetfeaturenum": 3,
    "targeteduttcode": "22b1-3",
    "numFeatures": 4,
    "featuresPresent": [
      "cloud",
      "square",
      "solid",
      "polka-dotted"
    ]
  },
  {
    "item": [
      "331",
      "112",
      "133"
    ],
    "utterancecode": "22b1",
    "IDf": "2068-2",
    "ID": 20682,
    "targetfeature": "color",
    "targetfeaturenum": 3,
    "targeteduttcode": "22b1-3",
    "numFeatures": 4,
    "featuresPresent": [
      "cloud",
      "square",
      "solid",
      "polka-dotted"
    ]
  },
  {
    "item": [
      "121",
      "331",
      "232"
    ],
    "utterancecode": "22b1",
    "IDf": "0591-0",
    "ID": 5910,
    "targetfeature": "shape",
    "targetfeaturenum": 1,
    "targeteduttcode": "22b1-3",
    "numFeatures": 4,
    "featuresPresent": [
      "striped",
      "polka-dotted",
      "blue",
      "red"
    ]
  },
  {
    "item": [
      "312",
      "222",
      "233"
    ],
    "utterancecode": "22b1",
    "IDf": "2389-1",
    "ID": 23891,
    "targetfeature": "texture",
    "targetfeaturenum": 2,
    "targeteduttcode": "22b1-3",
    "numFeatures": 4,
    "featuresPresent": [
      "circle",
      "square",
      "red",
      "green"
    ]
  },
  {
    "item": [
      "221",
      "131",
      "333"
    ],
    "utterancecode": "22b1",
    "IDf": "2619-0",
    "ID": 26190,
    "targetfeature": "shape",
    "targetfeaturenum": 1,
    "targeteduttcode": "22b1-3",
    "numFeatures": 4,
    "featuresPresent": [
      "striped",
      "polka-dotted",
      "blue",
      "green"
    ]
  },
  {
    "item": [
      "331",
      "132",
      "123"
    ],
    "utterancecode": "22b1",
    "IDf": "1443-2",
    "ID": 14432,
    "targetfeature": "color",
    "targetfeaturenum": 3,
    "targeteduttcode": "22b1-3",
    "numFeatures": 4,
    "featuresPresent": [
      "cloud",
      "square",
      "striped",
      "polka-dotted"
    ]
  },
  {
    "item": [
      "121",
      "112",
      "323"
    ],
    "utterancecode": "22b1",
    "IDf": "1810-2",
    "ID": 18102,
    "targetfeature": "color",
    "targetfeaturenum": 3,
    "targeteduttcode": "22b1-3",
    "numFeatures": 4,
    "featuresPresent": [
      "cloud",
      "square",
      "solid",
      "striped"
    ]
  },
  {
    "item": [
      "131",
      "113",
      "323"
    ],
    "utterancecode": "22b1",
    "IDf": "1930-1",
    "ID": 19301,
    "targetfeature": "texture",
    "targetfeaturenum": 2,
    "targeteduttcode": "22b1-3",
    "numFeatures": 4,
    "featuresPresent": [
      "cloud",
      "square",
      "blue",
      "green"
    ]
  },
  {
    "item": [
      "231",
      "132",
      "213"
    ],
    "utterancecode": "22b1",
    "IDf": "1081-2",
    "ID": 10812,
    "targetfeature": "color",
    "targetfeaturenum": 3,
    "targeteduttcode": "22b1-3",
    "numFeatures": 4,
    "featuresPresent": [
      "cloud",
      "circle",
      "solid",
      "polka-dotted"
    ]
  },
  {
    "item": [
      "131",
      "122",
      "333"
    ],
    "utterancecode": "22b1",
    "IDf": "2672-2",
    "ID": 26722,
    "targetfeature": "color",
    "targetfeaturenum": 3,
    "targeteduttcode": "22b1-3",
    "numFeatures": 4,
    "featuresPresent": [
      "cloud",
      "square",
      "striped",
      "polka-dotted"
    ]
  },
  {
    "item": [
      "112",
      "332",
      "323"
    ],
    "utterancecode": "22b1",
    "IDf": "1916-1",
    "ID": 19161,
    "targetfeature": "texture",
    "targetfeaturenum": 2,
    "targeteduttcode": "22b1-3",
    "numFeatures": 4,
    "featuresPresent": [
      "cloud",
      "square",
      "red",
      "green"
    ]
  },
  {
    "item": [
      "331",
      "312",
      "122"
    ],
    "utterancecode": "22b1",
    "IDf": "0283-1",
    "ID": 2831,
    "targetfeature": "texture",
    "targetfeaturenum": 2,
    "targeteduttcode": "22b1-3",
    "numFeatures": 4,
    "featuresPresent": [
      "cloud",
      "square",
      "blue",
      "red"
    ]
  },
  {
    "item": [
      "311",
      "221",
      "233"
    ],
    "utterancecode": "22b1",
    "IDf": "2308-1",
    "ID": 23081,
    "targetfeature": "texture",
    "targetfeaturenum": 2,
    "targeteduttcode": "22b1-3",
    "numFeatures": 4,
    "featuresPresent": [
      "circle",
      "square",
      "blue",
      "green"
    ]
  },
  {
    "item": [
      "311",
      "122",
      "323"
    ],
    "utterancecode": "22b1",
    "IDf": "1839-2",
    "ID": 18392,
    "targetfeature": "color",
    "targetfeaturenum": 3,
    "targeteduttcode": "22b1-3",
    "numFeatures": 4,
    "featuresPresent": [
      "cloud",
      "square",
      "solid",
      "striped"
    ]
  },
  {
    "item": [
      "211",
      "331",
      "132"
    ],
    "utterancecode": "22b1",
    "IDf": "0484-0",
    "ID": 4840,
    "targetfeature": "shape",
    "targetfeaturenum": 1,
    "targeteduttcode": "22b1-3",
    "numFeatures": 4,
    "featuresPresent": [
      "solid",
      "polka-dotted",
      "blue",
      "red"
    ]
  },
  {
    "item": [
      "221",
      "131",
      "212"
    ],
    "utterancecode": "22b1",
    "IDf": "0139-1",
    "ID": 1391,
    "targetfeature": "texture",
    "targetfeaturenum": 2,
    "targeteduttcode": "22b1-3",
    "numFeatures": 4,
    "featuresPresent": [
      "cloud",
      "circle",
      "blue",
      "red"
    ]
  },
  {
    "item": [
      "221",
      "122",
      "213"
    ],
    "utterancecode": "22b1",
    "IDf": "1039-2",
    "ID": 10392,
    "targetfeature": "color",
    "targetfeaturenum": 3,
    "targeteduttcode": "22b1-3",
    "numFeatures": 4,
    "featuresPresent": [
      "cloud",
      "circle",
      "solid",
      "striped"
    ]
  },
  {
    "item": [
      "122",
      "332",
      "313"
    ],
    "utterancecode": "22b1",
    "IDf": "1288-1",
    "ID": 12881,
    "targetfeature": "texture",
    "targetfeaturenum": 2,
    "targeteduttcode": "22b1-3",
    "numFeatures": 4,
    "featuresPresent": [
      "cloud",
      "square",
      "red",
      "green"
    ]
  },
  {
    "item": [
      "321",
      "112",
      "222"
    ],
    "utterancecode": "22b1",
    "IDf": "0327-0",
    "ID": 3270,
    "targetfeature": "shape",
    "targetfeaturenum": 1,
    "targeteduttcode": "22b1-3",
    "numFeatures": 4,
    "featuresPresent": [
      "solid",
      "striped",
      "blue",
      "red"
    ]
  },
  {
    "item": [
      "331",
      "313",
      "123"
    ],
    "utterancecode": "22b1",
    "IDf": "1528-1",
    "ID": 15281,
    "targetfeature": "texture",
    "targetfeaturenum": 2,
    "targeteduttcode": "22b1-3",
    "numFeatures": 4,
    "featuresPresent": [
      "cloud",
      "square",
      "blue",
      "green"
    ]
  }
]