[
  {
    "item": [
      "131",
      "222",
      "332"
    ],
    "utterancecode": "22b1",
    "IDf": "0764-2",
    "ID": 7642,
    "targetfeature": "color",
    "targetfeaturenum": 3,
    "targeteduttcode": "22b1-2",
    "numFeatures": 5,
    "featuresPresent": [
      "cloud",
      "circle",
      "square",
      "striped",
      "polka-dotted"
    ]
  },
  {
    "item": [
      "131",
      "222",
      "332"
    ],
    "utterancecode": "22b1",
    "IDf": "0764-1",
    "ID": 7641,
    "targetfeature": "texture",
    "targetfeaturenum": 2,
    "targeteduttcode": "22b1-2",
    "numFeatures": 5,
    "featuresPresent": [
      "cloud",
      "circle",
      "square",
      "blue",
      "red"
    ]
  },
  {
    "item": [
      "211",
      "232",
      "313"
    ],
    "utterancecode": "22b1",
    "IDf": "1261-0",
    "ID": 12610,
    "targetfeature": "shape",
    "targetfeaturenum": 1,
    "targeteduttcode": "22b1-2",
    "numFeatures": 5,
    "featuresPresent": [
      "solid",
      "polka-dotted",
      "blue",
      "red",
      "green"
    ]
  },
  {
    "item": [
      "211",
      "232",
      "313"
    ],
    "utterancecode": "22b1",
    "IDf": "1261-1",
    "ID": 12611,
    "targetfeature": "texture",
    "targetfeaturenum": 2,
    "targeteduttcode": "22b1-2",
    "numFeatures": 5,
    "featuresPresent": [
      "circle",
      "square",
      "blue",
      "red",
      "green"
    ]
  },
  {
    "item": [
      "221",
      "212",
      "323"
    ],
    "utterancecode": "22b1",
    "IDf": "1820-0",
    "ID": 18200,
    "targetfeature": "shape",
    "targetfeaturenum": 1,
    "targeteduttcode": "22b1-2",
    "numFeatures": 5,
    "featuresPresent": [
      "solid",
      "striped",
      "blue",
      "red",
      "green"
    ]
  },
  {
    "item": [
      "221",
      "212",
      "323"
    ],
    "utterancecode": "22b1",
    "IDf": "1820-1",
    "ID": 18201,
    "targetfeature": "texture",
    "targetfeaturenum": 2,
    "targeteduttcode": "22b1-2",
    "numFeatures": 5,
    "featuresPresent": [
      "circle",
      "square",
      "blue",
      "red",
      "green"
    ]
  },
  {
    "item": [
      "121",
      "331",
      "233"
    ],
    "utterancecode": "22b1",
    "IDf": "2331-2",
    "ID": 23312,
    "targetfeature": "color",
    "targetfeaturenum": 3,
    "targeteduttcode": "22b1-2",
    "numFeatures": 5,
    "featuresPresent": [
      "cloud",
      "circle",
      "square",
      "striped",
      "polka-dotted"
    ]
  },
  {
    "item": [
      "121",
      "331",
      "233"
    ],
    "utterancecode": "22b1",
    "IDf": "2331-1",
    "ID": 23311,
    "targetfeature": "texture",
    "targetfeaturenum": 2,
    "targeteduttcode": "22b1-2",
    "numFeatures": 5,
    "featuresPresent": [
      "cloud",
      "circle",
      "square",
      "blue",
      "green"
    ]
  },
  {
    "item": [
      "211",
      "222",
      "323"
    ],
    "utterancecode": "22b1",
    "IDf": "1850-1",
    "ID": 18501,
    "targetfeature": "texture",
    "targetfeaturenum": 2,
    "targeteduttcode": "22b1-2",
    "numFeatures": 5,
    "featuresPresent": [
      "circle",
      "square",
      "blue",
      "red",
      "green"
    ]
  },
  {
    "item": [
      "211",
      "222",
      "323"
    ],
    "utterancecode": "22b1",
    "IDf": "1850-0",
    "ID": 18500,
    "targetfeature": "shape",
    "targetfeaturenum": 1,
    "targeteduttcode": "22b1-2",
    "numFeatures": 5,
    "featuresPresent": [
      "solid",
      "striped",
      "blue",
      "red",
      "green"
    ]
  },
  {
    "item": [
      "311",
      "231",
      "113"
    ],
    "utterancecode": "22b1",
    "IDf": "0839-1",
    "ID": 8391,
    "targetfeature": "texture",
    "targetfeaturenum": 2,
    "targeteduttcode": "22b1-2",
    "numFeatures": 5,
    "featuresPresent": [
      "cloud",
      "circle",
      "square",
      "blue",
      "green"
    ]
  },
  {
    "item": [
      "311",
      "231",
      "113"
    ],
    "utterancecode": "22b1",
    "IDf": "0839-2",
    "ID": 8392,
    "targetfeature": "color",
    "targetfeaturenum": 3,
    "targeteduttcode": "22b1-2",
    "numFeatures": 5,
    "featuresPresent": [
      "cloud",
      "circle",
      "square",
      "solid",
      "polka-dotted"
    ]
  },
  {
    "item": [
      "221",
      "232",
      "333"
    ],
    "utterancecode": "22b1",
    "IDf": "2724-1",
    "ID": 27241,
    "targetfeature": "texture",
    "targetfeaturenum": 2,
    "targeteduttcode": "22b1-2",
    "numFeatures": 5,
    "featuresPresent": [
      "circle",
      "square",
      "blue",
      "red",
      "green"
    ]
  },
  {
    "item": [
      "221",
      "232",
      "333"
    ],
    "utterancecode": "22b1",
    "IDf": "2724-0",
    "ID": 27240,
    "targetfeature": "shape",
    "targetfeaturenum": 1,
    "targeteduttcode": "22b1-2",
    "numFeatures": 5,
    "featuresPresent": [
      "striped",
      "polka-dotted",
      "blue",
      "red",
      "green"
    ]
  },
  {
    "item": [
      "211",
      "331",
      "132"
    ],
    "utterancecode": "22b1",
    "IDf": "0484-1",
    "ID": 4841,
    "targetfeature": "texture",
    "targetfeaturenum": 2,
    "targeteduttcode": "22b1-2",
    "numFeatures": 5,
    "featuresPresent": [
      "cloud",
      "circle",
      "square",
      "blue",
      "red"
    ]
  },
  {
    "item": [
      "211",
      "331",
      "132"
    ],
    "utterancecode": "22b1",
    "IDf": "0484-2",
    "ID": 4842,
    "targetfeature": "color",
    "targetfeaturenum": 3,
    "targeteduttcode": "22b1-2",
    "numFeatures": 5,
    "featuresPresent": [
      "cloud",
      "circle",
      "square",
      "solid",
      "polka-dotted"
    ]
  },
  {
    "item": [
      "312",
      "213",
      "123"
    ],
    "utterancecode": "22b1",
    "IDf": "1512-2",
    "ID": 15122,
    "targetfeature": "color",
    "targetfeaturenum": 3,
    "targeteduttcode": "22b1-2",
    "numFeatures": 5,
    "featuresPresent": [
      "cloud",
      "circle",
      "square",
      "solid",
      "striped"
    ]
  },
  {
    "item": [
      "312",
      "213",
      "123"
    ],
    "utterancecode": "22b1",
    "IDf": "1512-1",
    "ID": 15121,
    "targetfeature": "texture",
    "targetfeaturenum": 2,
    "targeteduttcode": "22b1-2",
    "numFeatures": 5,
    "featuresPresent": [
      "cloud",
      "circle",
      "square",
      "red",
      "green"
    ]
  },
  {
    "item": [
      "111",
      "213",
      "323"
    ],
    "utterancecode": "22b1",
    "IDf": "1942-1",
    "ID": 19421,
    "targetfeature": "texture",
    "targetfeaturenum": 2,
    "targeteduttcode": "22b1-2",
    "numFeatures": 5,
    "featuresPresent": [
      "cloud",
      "circle",
      "square",
      "blue",
      "green"
    ]
  },
  {
    "item": [
      "111",
      "213",
      "323"
    ],
    "utterancecode": "22b1",
    "IDf": "1942-2",
    "ID": 19422,
    "targetfeature": "color",
    "targetfeaturenum": 3,
    "targeteduttcode": "22b1-2",
    "numFeatures": 5,
    "featuresPresent": [
      "cloud",
      "circle",
      "square",
      "solid",
      "striped"
    ]
  },
  {
    "item": [
      "121",
      "312",
      "132"
    ],
    "utterancecode": "22b1",
    "IDf": "0513-2",
    "ID": 5132,
    "targetfeature": "color",
    "targetfeaturenum": 3,
    "targeteduttcode": "22b1-2",
    "numFeatures": 5,
    "featuresPresent": [
      "cloud",
      "square",
      "solid",
      "striped",
      "polka-dotted"
    ]
  },
  {
    "item": [
      "121",
      "312",
      "132"
    ],
    "utterancecode": "22b1",
    "IDf": "0513-0",
    "ID": 5130,
    "targetfeature": "shape",
    "targetfeaturenum": 1,
    "targeteduttcode": "22b1-2",
    "numFeatures": 5,
    "featuresPresent": [
      "solid",
      "striped",
      "polka-dotted",
      "blue",
      "red"
    ]
  },
  {
    "item": [
      "331",
      "232",
      "213"
    ],
    "utterancecode": "22b1",
    "IDf": "1097-0",
    "ID": 10970,
    "targetfeature": "shape",
    "targetfeaturenum": 1,
    "targeteduttcode": "22b1-2",
    "numFeatures": 5,
    "featuresPresent": [
      "solid",
      "polka-dotted",
      "blue",
      "red",
      "green"
    ]
  },
  {
    "item": [
      "331",
      "232",
      "213"
    ],
    "utterancecode": "22b1",
    "IDf": "1097-1",
    "ID": 10971,
    "targetfeature": "texture",
    "targetfeaturenum": 2,
    "targeteduttcode": "22b1-2",
    "numFeatures": 5,
    "featuresPresent": [
      "circle",
      "square",
      "blue",
      "red",
      "green"
    ]
  },
  {
    "item": [
      "311",
      "322",
      "132"
    ],
    "utterancecode": "22b1",
    "IDf": "0548-2",
    "ID": 5482,
    "targetfeature": "color",
    "targetfeaturenum": 3,
    "targeteduttcode": "22b1-2",
    "numFeatures": 5,
    "featuresPresent": [
      "cloud",
      "square",
      "solid",
      "striped",
      "polka-dotted"
    ]
  },
  {
    "item": [
      "311",
      "322",
      "132"
    ],
    "utterancecode": "22b1",
    "IDf": "0548-0",
    "ID": 5480,
    "targetfeature": "shape",
    "targetfeaturenum": 1,
    "targeteduttcode": "22b1-2",
    "numFeatures": 5,
    "featuresPresent": [
      "solid",
      "striped",
      "polka-dotted",
      "blue",
      "red"
    ]
  },
  {
    "item": [
      "231",
      "322",
      "132"
    ],
    "utterancecode": "22b1",
    "IDf": "0553-1",
    "ID": 5531,
    "targetfeature": "texture",
    "targetfeaturenum": 2,
    "targeteduttcode": "22b1-2",
    "numFeatures": 5,
    "featuresPresent": [
      "cloud",
      "circle",
      "square",
      "blue",
      "red"
    ]
  },
  {
    "item": [
      "231",
      "322",
      "132"
    ],
    "utterancecode": "22b1",
    "IDf": "0553-2",
    "ID": 5532,
    "targetfeature": "color",
    "targetfeaturenum": 3,
    "targeteduttcode": "22b1-2",
    "numFeatures": 5,
    "featuresPresent": [
      "cloud",
      "circle",
      "square",
      "striped",
      "polka-dotted"
    ]
  },
  {
    "item": [
      "121",
      "222",
      "332"
    ],
    "utterancecode": "22b1",
    "IDf": "0761-1",
    "ID": 7611,
    "targetfeature": "texture",
    "targetfeaturenum": 2,
    "targeteduttcode": "22b1-2",
    "numFeatures": 5,
    "featuresPresent": [
      "cloud",
      "circle",
      "square",
      "blue",
      "red"
    ]
  },
  {
    "item": [
      "121",
      "222",
      "332"
    ],
    "utterancecode": "22b1",
    "IDf": "0761-2",
    "ID": 7612,
    "targetfeature": "color",
    "targetfeaturenum": 3,
    "targeteduttcode": "22b1-2",
    "numFeatures": 5,
    "featuresPresent": [
      "cloud",
      "circle",
      "square",
      "striped",
      "polka-dotted"
    ]
  },
  {
    "item": [
      "231",
      "313",
      "223"
    ],
    "utterancecode": "22b1",
    "IDf": "1737-2",
    "ID": 17372,
    "targetfeature": "color",
    "targetfeaturenum": 3,
    "targeteduttcode": "22b1-2",
    "numFeatures": 5,
    "featuresPresent": [
      "circle",
      "square",
      "solid",
      "striped",
      "polka-dotted"
    ]
  },
  {
    "item": [
      "231",
      "313",
      "223"
    ],
    "utterancecode": "22b1",
    "IDf": "1737-0",
    "ID": 17370,
    "targetfeature": "shape",
    "targetfeaturenum": 1,
    "targeteduttcode": "22b1-2",
    "numFeatures": 5,
    "featuresPresent": [
      "solid",
      "striped",
      "polka-dotted",
      "blue",
      "green"
    ]
  },
  {
    "item": [
      "131",
      "212",
      "113"
    ],
    "utterancecode": "22b1",
    "IDf": "0867-0",
    "ID": 8670,
    "targetfeature": "shape",
    "targetfeaturenum": 1,
    "targeteduttcode": "22b1-2",
    "numFeatures": 5,
    "featuresPresent": [
      "solid",
      "polka-dotted",
      "blue",
      "red",
      "green"
    ]
  },
  {
    "item": [
      "131",
      "212",
      "113"
    ],
    "utterancecode": "22b1",
    "IDf": "0867-1",
    "ID": 8671,
    "targetfeature": "texture",
    "targetfeaturenum": 2,
    "targeteduttcode": "22b1-2",
    "numFeatures": 5,
    "featuresPresent": [
      "cloud",
      "circle",
      "blue",
      "red",
      "green"
    ]
  },
  {
    "item": [
      "221",
      "123",
      "333"
    ],
    "utterancecode": "22b1",
    "IDf": "2814-1",
    "ID": 28141,
    "targetfeature": "texture",
    "targetfeaturenum": 2,
    "targeteduttcode": "22b1-2",
    "numFeatures": 5,
    "featuresPresent": [
      "cloud",
      "circle",
      "square",
      "blue",
      "green"
    ]
  },
  {
    "item": [
      "221",
      "123",
      "333"
    ],
    "utterancecode": "22b1",
    "IDf": "2814-2",
    "ID": 28142,
    "targetfeature": "color",
    "targetfeaturenum": 3,
    "targeteduttcode": "22b1-2",
    "numFeatures": 5,
    "featuresPresent": [
      "cloud",
      "circle",
      "square",
      "striped",
      "polka-dotted"
    ]
  },
  {
    "item": [
      "321",
      "123",
      "233"
    ],
    "utterancecode": "22b1",
    "IDf": "2515-1",
    "ID": 25151,
    "targetfeature": "texture",
    "targetfeaturenum": 2,
    "targeteduttcode": "22b1-2",
    "numFeatures": 5,
    "featuresPresent": [
      "cloud",
      "circle",
      "square",
      "blue",
      "green"
    ]
  },
  {
    "item": [
      "321",
      "123",
      "233"
    ],
    "utterancecode": "22b1",
    "IDf": "2515-2",
    "ID": 25152,
    "targetfeature": "color",
    "targetfeaturenum": 3,
    "targeteduttcode": "22b1-2",
    "numFeatures": 5,
    "featuresPresent": [
      "cloud",
      "circle",
      "square",
      "striped",
      "polka-dotted"
    ]
  },
  {
    "item": [
      "211",
      "131",
      "312"
    ],
    "utterancecode": "22b1",
    "IDf": "0181-1",
    "ID": 1811,
    "targetfeature": "texture",
    "targetfeaturenum": 2,
    "targeteduttcode": "22b1-2",
    "numFeatures": 5,
    "featuresPresent": [
      "cloud",
      "circle",
      "square",
      "blue",
      "red"
    ]
  },
  {
    "item": [
      "211",
      "131",
      "312"
    ],
    "utterancecode": "22b1",
    "IDf": "0181-2",
    "ID": 1812,
    "targetfeature": "color",
    "targetfeaturenum": 3,
    "targeteduttcode": "22b1-2",
    "numFeatures": 5,
    "featuresPresent": [
      "cloud",
      "circle",
      "square",
      "solid",
      "polka-dotted"
    ]
  },
  {
    "item": [
      "212",
      "313",
      "133"
    ],
    "utterancecode": "22b1",
    "IDf": "2224-2",
    "ID": 22242,
    "targetfeature": "color",
    "targetfeaturenum": 3,
    "targeteduttcode": "22b1-2",
    "numFeatures": 5,
    "featuresPresent": [
      "cloud",
      "circle",
      "square",
      "solid",
      "polka-dotted"
    ]
  },
  {
    "item": [
      "212",
      "313",
      "133"
    ],
    "utterancecode": "22b1",
    "IDf": "2224-1",
    "ID": 22241,
    "targetfeature": "texture",
    "targetfeaturenum": 2,
    "targeteduttcode": "22b1-2",
    "numFeatures": 5,
    "featuresPresent": [
      "cloud",
      "circle",
      "square",
      "red",
      "green"
    ]
  },
  {
    "item": [
      "111",
      "312",
      "333"
    ],
    "utterancecode": "22b1",
    "IDf": "2655-0",
    "ID": 26550,
    "targetfeature": "shape",
    "targetfeaturenum": 1,
    "targeteduttcode": "22b1-2",
    "numFeatures": 5,
    "featuresPresent": [
      "solid",
      "polka-dotted",
      "blue",
      "red",
      "green"
    ]
  },
  {
    "item": [
      "111",
      "312",
      "333"
    ],
    "utterancecode": "22b1",
    "IDf": "2655-1",
    "ID": 26551,
    "targetfeature": "texture",
    "targetfeaturenum": 2,
    "targeteduttcode": "22b1-2",
    "numFeatures": 5,
    "featuresPresent": [
      "cloud",
      "square",
      "blue",
      "red",
      "green"
    ]
  },
  {
    "item": [
      "231",
      "132",
      "123"
    ],
    "utterancecode": "22b1",
    "IDf": "1442-1",
    "ID": 14421,
    "targetfeature": "texture",
    "targetfeaturenum": 2,
    "targeteduttcode": "22b1-2",
    "numFeatures": 5,
    "featuresPresent": [
      "cloud",
      "circle",
      "blue",
      "red",
      "green"
    ]
  },
  {
    "item": [
      "231",
      "132",
      "123"
    ],
    "utterancecode": "22b1",
    "IDf": "1442-0",
    "ID": 14420,
    "targetfeature": "shape",
    "targetfeaturenum": 1,
    "targeteduttcode": "22b1-2",
    "numFeatures": 5,
    "featuresPresent": [
      "striped",
      "polka-dotted",
      "blue",
      "red",
      "green"
    ]
  },
  {
    "item": [
      "211",
      "222",
      "113"
    ],
    "utterancecode": "22b1",
    "IDf": "0895-0",
    "ID": 8950,
    "targetfeature": "shape",
    "targetfeaturenum": 1,
    "targeteduttcode": "22b1-2",
    "numFeatures": 5,
    "featuresPresent": [
      "solid",
      "striped",
      "blue",
      "red",
      "green"
    ]
  },
  {
    "item": [
      "211",
      "222",
      "113"
    ],
    "utterancecode": "22b1",
    "IDf": "0895-1",
    "ID": 8951,
    "targetfeature": "texture",
    "targetfeaturenum": 2,
    "targeteduttcode": "22b1-2",
    "numFeatures": 5,
    "featuresPresent": [
      "cloud",
      "circle",
      "blue",
      "red",
      "green"
    ]
  },
  {
    "item": [
      "311",
      "221",
      "123"
    ],
    "utterancecode": "22b1",
    "IDf": "1338-2",
    "ID": 13382,
    "targetfeature": "color",
    "targetfeaturenum": 3,
    "targeteduttcode": "22b1-2",
    "numFeatures": 5,
    "featuresPresent": [
      "cloud",
      "circle",
      "square",
      "solid",
      "striped"
    ]
  },
  {
    "item": [
      "311",
      "221",
      "123"
    ],
    "utterancecode": "22b1",
    "IDf": "1338-1",
    "ID": 13381,
    "targetfeature": "texture",
    "targetfeaturenum": 2,
    "targeteduttcode": "22b1-2",
    "numFeatures": 5,
    "featuresPresent": [
      "cloud",
      "circle",
      "square",
      "blue",
      "green"
    ]
  }
]