[
  {
    "item": [
      "211",
      "331",
      "312"
    ],
    "utterancecode": "22b2b",
    "IDf": "0194-2",
    "ID": 1942,
    "targetfeature": "color",
    "targetfeaturenum": 3,
    "targeteduttcode": "22b2b-2",
    "numFeatures": 4,
    "featuresPresent": [
      "circle",
      "square",
      "solid",
      "polka-dotted"
    ]
  },
  {
    "item": [
      "211",
      "331",
      "312"
    ],
    "utterancecode": "22b2b",
    "IDf": "0194-1",
    "ID": 1941,
    "targetfeature": "texture",
    "targetfeaturenum": 2,
    "targeteduttcode": "22b2b-2",
    "numFeatures": 4,
    "featuresPresent": [
      "circle",
      "square",
      "blue",
      "red"
    ]
  },
  {
    "item": [
      "211",
      "331",
      "312"
    ],
    "utterancecode": "22b2b",
    "IDf": "0194-0",
    "ID": 1940,
    "targetfeature": "shape",
    "targetfeaturenum": 1,
    "targeteduttcode": "22b2b-2",
    "numFeatures": 4,
    "featuresPresent": [
      "solid",
      "polka-dotted",
      "blue",
      "red"
    ]
  },
  {
    "item": [
      "311",
      "212",
      "322"
    ],
    "utterancecode": "22b2b",
    "IDf": "0411-1",
    "ID": 4111,
    "targetfeature": "texture",
    "targetfeaturenum": 2,
    "targeteduttcode": "22b2b-2",
    "numFeatures": 4,
    "featuresPresent": [
      "circle",
      "square",
      "blue",
      "red"
    ]
  },
  {
    "item": [
      "311",
      "212",
      "322"
    ],
    "utterancecode": "22b2b",
    "IDf": "0411-2",
    "ID": 4112,
    "targetfeature": "color",
    "targetfeaturenum": 3,
    "targeteduttcode": "22b2b-2",
    "numFeatures": 4,
    "featuresPresent": [
      "circle",
      "square",
      "solid",
      "striped"
    ]
  },
  {
    "item": [
      "311",
      "212",
      "322"
    ],
    "utterancecode": "22b2b",
    "IDf": "0411-0",
    "ID": 4110,
    "targetfeature": "shape",
    "targetfeaturenum": 1,
    "targeteduttcode": "22b2b-2",
    "numFeatures": 4,
    "featuresPresent": [
      "solid",
      "striped",
      "blue",
      "red"
    ]
  },
  {
    "item": [
      "121",
      "113",
      "323"
    ],
    "utterancecode": "22b2b",
    "IDf": "1927-0",
    "ID": 19270,
    "targetfeature": "shape",
    "targetfeaturenum": 1,
    "targeteduttcode": "22b2b-2",
    "numFeatures": 4,
    "featuresPresent": [
      "solid",
      "striped",
      "blue",
      "green"
    ]
  },
  {
    "item": [
      "121",
      "113",
      "323"
    ],
    "utterancecode": "22b2b",
    "IDf": "1927-2",
    "ID": 19272,
    "targetfeature": "color",
    "targetfeaturenum": 3,
    "targeteduttcode": "22b2b-2",
    "numFeatures": 4,
    "featuresPresent": [
      "cloud",
      "square",
      "solid",
      "striped"
    ]
  },
  {
    "item": [
      "121",
      "113",
      "323"
    ],
    "utterancecode": "22b2b",
    "IDf": "1927-1",
    "ID": 19271,
    "targetfeature": "texture",
    "targetfeaturenum": 2,
    "targeteduttcode": "22b2b-2",
    "numFeatures": 4,
    "featuresPresent": [
      "cloud",
      "square",
      "blue",
      "green"
    ]
  },
  {
    "item": [
      "111",
      "231",
      "133"
    ],
    "utterancecode": "22b2b",
    "IDf": "2045-2",
    "ID": 20452,
    "targetfeature": "color",
    "targetfeaturenum": 3,
    "targeteduttcode": "22b2b-2",
    "numFeatures": 4,
    "featuresPresent": [
      "cloud",
      "circle",
      "solid",
      "polka-dotted"
    ]
  },
  {
    "item": [
      "111",
      "231",
      "133"
    ],
    "utterancecode": "22b2b",
    "IDf": "2045-1",
    "ID": 20451,
    "targetfeature": "texture",
    "targetfeaturenum": 2,
    "targeteduttcode": "22b2b-2",
    "numFeatures": 4,
    "featuresPresent": [
      "cloud",
      "circle",
      "blue",
      "green"
    ]
  },
  {
    "item": [
      "111",
      "231",
      "133"
    ],
    "utterancecode": "22b2b",
    "IDf": "2045-0",
    "ID": 20450,
    "targetfeature": "shape",
    "targetfeaturenum": 1,
    "targeteduttcode": "22b2b-2",
    "numFeatures": 4,
    "featuresPresent": [
      "solid",
      "polka-dotted",
      "blue",
      "green"
    ]
  },
  {
    "item": [
      "231",
      "213",
      "333"
    ],
    "utterancecode": "22b2b",
    "IDf": "2778-1",
    "ID": 27781,
    "targetfeature": "texture",
    "targetfeaturenum": 2,
    "targeteduttcode": "22b2b-2",
    "numFeatures": 4,
    "featuresPresent": [
      "circle",
      "square",
      "blue",
      "green"
    ]
  },
  {
    "item": [
      "231",
      "213",
      "333"
    ],
    "utterancecode": "22b2b",
    "IDf": "2778-2",
    "ID": 27782,
    "targetfeature": "color",
    "targetfeaturenum": 3,
    "targeteduttcode": "22b2b-2",
    "numFeatures": 4,
    "featuresPresent": [
      "circle",
      "square",
      "solid",
      "polka-dotted"
    ]
  },
  {
    "item": [
      "231",
      "213",
      "333"
    ],
    "utterancecode": "22b2b",
    "IDf": "2778-0",
    "ID": 27780,
    "targetfeature": "shape",
    "targetfeaturenum": 1,
    "targeteduttcode": "22b2b-2",
    "numFeatures": 4,
    "featuresPresent": [
      "solid",
      "polka-dotted",
      "blue",
      "green"
    ]
  },
  {
    "item": [
      "121",
      "331",
      "132"
    ],
    "utterancecode": "22b2b",
    "IDf": "0486-2",
    "ID": 4862,
    "targetfeature": "color",
    "targetfeaturenum": 3,
    "targeteduttcode": "22b2b-2",
    "numFeatures": 4,
    "featuresPresent": [
      "cloud",
      "square",
      "striped",
      "polka-dotted"
    ]
  },
  {
    "item": [
      "121",
      "331",
      "132"
    ],
    "utterancecode": "22b2b",
    "IDf": "0486-1",
    "ID": 4861,
    "targetfeature": "texture",
    "targetfeaturenum": 2,
    "targeteduttcode": "22b2b-2",
    "numFeatures": 4,
    "featuresPresent": [
      "cloud",
      "square",
      "blue",
      "red"
    ]
  },
  {
    "item": [
      "121",
      "331",
      "132"
    ],
    "utterancecode": "22b2b",
    "IDf": "0486-0",
    "ID": 4860,
    "targetfeature": "shape",
    "targetfeaturenum": 1,
    "targeteduttcode": "22b2b-2",
    "numFeatures": 4,
    "featuresPresent": [
      "striped",
      "polka-dotted",
      "blue",
      "red"
    ]
  },
  {
    "item": [
      "232",
      "223",
      "133"
    ],
    "utterancecode": "22b2b",
    "IDf": "2271-2",
    "ID": 22712,
    "targetfeature": "color",
    "targetfeaturenum": 3,
    "targeteduttcode": "22b2b-2",
    "numFeatures": 4,
    "featuresPresent": [
      "cloud",
      "circle",
      "striped",
      "polka-dotted"
    ]
  },
  {
    "item": [
      "232",
      "223",
      "133"
    ],
    "utterancecode": "22b2b",
    "IDf": "2271-1",
    "ID": 22711,
    "targetfeature": "texture",
    "targetfeaturenum": 2,
    "targeteduttcode": "22b2b-2",
    "numFeatures": 4,
    "featuresPresent": [
      "cloud",
      "circle",
      "red",
      "green"
    ]
  },
  {
    "item": [
      "232",
      "223",
      "133"
    ],
    "utterancecode": "22b2b",
    "IDf": "2271-0",
    "ID": 22710,
    "targetfeature": "shape",
    "targetfeaturenum": 1,
    "targeteduttcode": "22b2b-2",
    "numFeatures": 4,
    "featuresPresent": [
      "striped",
      "polka-dotted",
      "red",
      "green"
    ]
  },
  {
    "item": [
      "112",
      "332",
      "133"
    ],
    "utterancecode": "22b2b",
    "IDf": "2169-2",
    "ID": 21692,
    "targetfeature": "color",
    "targetfeaturenum": 3,
    "targeteduttcode": "22b2b-2",
    "numFeatures": 4,
    "featuresPresent": [
      "cloud",
      "square",
      "solid",
      "polka-dotted"
    ]
  },
  {
    "item": [
      "112",
      "332",
      "133"
    ],
    "utterancecode": "22b2b",
    "IDf": "2169-1",
    "ID": 21691,
    "targetfeature": "texture",
    "targetfeaturenum": 2,
    "targeteduttcode": "22b2b-2",
    "numFeatures": 4,
    "featuresPresent": [
      "cloud",
      "square",
      "red",
      "green"
    ]
  },
  {
    "item": [
      "112",
      "332",
      "133"
    ],
    "utterancecode": "22b2b",
    "IDf": "2169-0",
    "ID": 21690,
    "targetfeature": "shape",
    "targetfeaturenum": 1,
    "targeteduttcode": "22b2b-2",
    "numFeatures": 4,
    "featuresPresent": [
      "solid",
      "polka-dotted",
      "red",
      "green"
    ]
  },
  {
    "item": [
      "222",
      "123",
      "233"
    ],
    "utterancecode": "22b2b",
    "IDf": "2523-2",
    "ID": 25232,
    "targetfeature": "color",
    "targetfeaturenum": 3,
    "targeteduttcode": "22b2b-2",
    "numFeatures": 4,
    "featuresPresent": [
      "cloud",
      "circle",
      "striped",
      "polka-dotted"
    ]
  },
  {
    "item": [
      "222",
      "123",
      "233"
    ],
    "utterancecode": "22b2b",
    "IDf": "2523-1",
    "ID": 25231,
    "targetfeature": "texture",
    "targetfeaturenum": 2,
    "targeteduttcode": "22b2b-2",
    "numFeatures": 4,
    "featuresPresent": [
      "cloud",
      "circle",
      "red",
      "green"
    ]
  },
  {
    "item": [
      "222",
      "123",
      "233"
    ],
    "utterancecode": "22b2b",
    "IDf": "2523-0",
    "ID": 25230,
    "targetfeature": "shape",
    "targetfeaturenum": 1,
    "targeteduttcode": "22b2b-2",
    "numFeatures": 4,
    "featuresPresent": [
      "striped",
      "polka-dotted",
      "red",
      "green"
    ]
  },
  {
    "item": [
      "132",
      "123",
      "233"
    ],
    "utterancecode": "22b2b",
    "IDf": "2525-0",
    "ID": 25250,
    "targetfeature": "shape",
    "targetfeaturenum": 1,
    "targeteduttcode": "22b2b-2",
    "numFeatures": 4,
    "featuresPresent": [
      "striped",
      "polka-dotted",
      "red",
      "green"
    ]
  },
  {
    "item": [
      "132",
      "123",
      "233"
    ],
    "utterancecode": "22b2b",
    "IDf": "2525-2",
    "ID": 25252,
    "targetfeature": "color",
    "targetfeaturenum": 3,
    "targeteduttcode": "22b2b-2",
    "numFeatures": 4,
    "featuresPresent": [
      "cloud",
      "circle",
      "striped",
      "polka-dotted"
    ]
  },
  {
    "item": [
      "132",
      "123",
      "233"
    ],
    "utterancecode": "22b2b",
    "IDf": "2525-1",
    "ID": 25251,
    "targetfeature": "texture",
    "targetfeaturenum": 2,
    "targeteduttcode": "22b2b-2",
    "numFeatures": 4,
    "featuresPresent": [
      "cloud",
      "circle",
      "red",
      "green"
    ]
  },
  {
    "item": [
      "231",
      "212",
      "132"
    ],
    "utterancecode": "22b2b",
    "IDf": "0507-1",
    "ID": 5071,
    "targetfeature": "texture",
    "targetfeaturenum": 2,
    "targeteduttcode": "22b2b-2",
    "numFeatures": 4,
    "featuresPresent": [
      "cloud",
      "circle",
      "blue",
      "red"
    ]
  },
  {
    "item": [
      "231",
      "212",
      "132"
    ],
    "utterancecode": "22b2b",
    "IDf": "0507-2",
    "ID": 5072,
    "targetfeature": "color",
    "targetfeaturenum": 3,
    "targeteduttcode": "22b2b-2",
    "numFeatures": 4,
    "featuresPresent": [
      "cloud",
      "circle",
      "solid",
      "polka-dotted"
    ]
  },
  {
    "item": [
      "231",
      "212",
      "132"
    ],
    "utterancecode": "22b2b",
    "IDf": "0507-0",
    "ID": 5070,
    "targetfeature": "shape",
    "targetfeaturenum": 1,
    "targeteduttcode": "22b2b-2",
    "numFeatures": 4,
    "featuresPresent": [
      "solid",
      "polka-dotted",
      "blue",
      "red"
    ]
  },
  {
    "item": [
      "212",
      "313",
      "233"
    ],
    "utterancecode": "22b2b",
    "IDf": "2500-0",
    "ID": 25000,
    "targetfeature": "shape",
    "targetfeaturenum": 1,
    "targeteduttcode": "22b2b-2",
    "numFeatures": 4,
    "featuresPresent": [
      "solid",
      "polka-dotted",
      "red",
      "green"
    ]
  },
  {
    "item": [
      "212",
      "313",
      "233"
    ],
    "utterancecode": "22b2b",
    "IDf": "2500-2",
    "ID": 25002,
    "targetfeature": "color",
    "targetfeaturenum": 3,
    "targeteduttcode": "22b2b-2",
    "numFeatures": 4,
    "featuresPresent": [
      "circle",
      "square",
      "solid",
      "polka-dotted"
    ]
  },
  {
    "item": [
      "212",
      "313",
      "233"
    ],
    "utterancecode": "22b2b",
    "IDf": "2500-1",
    "ID": 25001,
    "targetfeature": "texture",
    "targetfeaturenum": 2,
    "targeteduttcode": "22b2b-2",
    "numFeatures": 4,
    "featuresPresent": [
      "circle",
      "square",
      "red",
      "green"
    ]
  },
  {
    "item": [
      "321",
      "222",
      "332"
    ],
    "utterancecode": "22b2b",
    "IDf": "0763-1",
    "ID": 7631,
    "targetfeature": "texture",
    "targetfeaturenum": 2,
    "targeteduttcode": "22b2b-2",
    "numFeatures": 4,
    "featuresPresent": [
      "circle",
      "square",
      "blue",
      "red"
    ]
  },
  {
    "item": [
      "321",
      "222",
      "332"
    ],
    "utterancecode": "22b2b",
    "IDf": "0763-2",
    "ID": 7632,
    "targetfeature": "color",
    "targetfeaturenum": 3,
    "targeteduttcode": "22b2b-2",
    "numFeatures": 4,
    "featuresPresent": [
      "circle",
      "square",
      "striped",
      "polka-dotted"
    ]
  },
  {
    "item": [
      "321",
      "222",
      "332"
    ],
    "utterancecode": "22b2b",
    "IDf": "0763-0",
    "ID": 7630,
    "targetfeature": "shape",
    "targetfeaturenum": 1,
    "targeteduttcode": "22b2b-2",
    "numFeatures": 4,
    "featuresPresent": [
      "striped",
      "polka-dotted",
      "blue",
      "red"
    ]
  },
  {
    "item": [
      "121",
      "331",
      "322"
    ],
    "utterancecode": "22b2b",
    "IDf": "0395-0",
    "ID": 3950,
    "targetfeature": "shape",
    "targetfeaturenum": 1,
    "targeteduttcode": "22b2b-2",
    "numFeatures": 4,
    "featuresPresent": [
      "striped",
      "polka-dotted",
      "blue",
      "red"
    ]
  },
  {
    "item": [
      "121",
      "331",
      "322"
    ],
    "utterancecode": "22b2b",
    "IDf": "0395-2",
    "ID": 3952,
    "targetfeature": "color",
    "targetfeaturenum": 3,
    "targeteduttcode": "22b2b-2",
    "numFeatures": 4,
    "featuresPresent": [
      "cloud",
      "square",
      "striped",
      "polka-dotted"
    ]
  },
  {
    "item": [
      "121",
      "331",
      "322"
    ],
    "utterancecode": "22b2b",
    "IDf": "0395-1",
    "ID": 3951,
    "targetfeature": "texture",
    "targetfeaturenum": 2,
    "targeteduttcode": "22b2b-2",
    "numFeatures": 4,
    "featuresPresent": [
      "cloud",
      "square",
      "blue",
      "red"
    ]
  },
  {
    "item": [
      "211",
      "331",
      "233"
    ],
    "utterancecode": "22b2b",
    "IDf": "2329-1",
    "ID": 23291,
    "targetfeature": "texture",
    "targetfeaturenum": 2,
    "targeteduttcode": "22b2b-2",
    "numFeatures": 4,
    "featuresPresent": [
      "circle",
      "square",
      "blue",
      "green"
    ]
  },
  {
    "item": [
      "211",
      "331",
      "233"
    ],
    "utterancecode": "22b2b",
    "IDf": "2329-2",
    "ID": 23292,
    "targetfeature": "color",
    "targetfeaturenum": 3,
    "targeteduttcode": "22b2b-2",
    "numFeatures": 4,
    "featuresPresent": [
      "circle",
      "square",
      "solid",
      "polka-dotted"
    ]
  },
  {
    "item": [
      "211",
      "331",
      "233"
    ],
    "utterancecode": "22b2b",
    "IDf": "2329-0",
    "ID": 23290,
    "targetfeature": "shape",
    "targetfeaturenum": 1,
    "targeteduttcode": "22b2b-2",
    "numFeatures": 4,
    "featuresPresent": [
      "solid",
      "polka-dotted",
      "blue",
      "green"
    ]
  },
  {
    "item": [
      "311",
      "131",
      "112"
    ],
    "utterancecode": "22b2b",
    "IDf": "0101-0",
    "ID": 1010,
    "targetfeature": "shape",
    "targetfeaturenum": 1,
    "targeteduttcode": "22b2b-2",
    "numFeatures": 4,
    "featuresPresent": [
      "solid",
      "polka-dotted",
      "blue",
      "red"
    ]
  },
  {
    "item": [
      "311",
      "131",
      "112"
    ],
    "utterancecode": "22b2b",
    "IDf": "0101-2",
    "ID": 1012,
    "targetfeature": "color",
    "targetfeaturenum": 3,
    "targeteduttcode": "22b2b-2",
    "numFeatures": 4,
    "featuresPresent": [
      "cloud",
      "square",
      "solid",
      "polka-dotted"
    ]
  },
  {
    "item": [
      "311",
      "131",
      "112"
    ],
    "utterancecode": "22b2b",
    "IDf": "0101-1",
    "ID": 1011,
    "targetfeature": "texture",
    "targetfeaturenum": 2,
    "targeteduttcode": "22b2b-2",
    "numFeatures": 4,
    "featuresPresent": [
      "cloud",
      "square",
      "blue",
      "red"
    ]
  },
  {
    "item": [
      "121",
      "322",
      "132"
    ],
    "utterancecode": "22b2b",
    "IDf": "0549-1",
    "ID": 5491,
    "targetfeature": "texture",
    "targetfeaturenum": 2,
    "targeteduttcode": "22b2b-2",
    "numFeatures": 4,
    "featuresPresent": [
      "cloud",
      "square",
      "blue",
      "red"
    ]
  },
  {
    "item": [
      "121",
      "322",
      "132"
    ],
    "utterancecode": "22b2b",
    "IDf": "0549-2",
    "ID": 5492,
    "targetfeature": "color",
    "targetfeaturenum": 3,
    "targeteduttcode": "22b2b-2",
    "numFeatures": 4,
    "featuresPresent": [
      "cloud",
      "square",
      "striped",
      "polka-dotted"
    ]
  }
]