[
  {
    "item": [
      "211",
      "222",
      "233"
    ],
    "utterancecode": "311",
    "IDf": "2379-1",
    "ID": 23791,
    "targetfeature": "color",
    "targetfeaturenum": 3,
    "targeteduttcode": "311-3",
    "numFeatures": 4,
    "featuresPresent": [
      "circle",
      "solid",
      "striped",
      "polka-dotted"
    ]
  },
  {
    "item": [
      "211",
      "222",
      "233"
    ],
    "utterancecode": "311",
    "IDf": "2379-0",
    "ID": 23790,
    "targetfeature": "texture",
    "targetfeaturenum": 2,
    "targeteduttcode": "311-3",
    "numFeatures": 4,
    "featuresPresent": [
      "circle",
      "blue",
      "red",
      "green"
    ]
  },
  {
    "item": [
      "121",
      "112",
      "133"
    ],
    "utterancecode": "311",
    "IDf": "2063-0",
    "ID": 20630,
    "targetfeature": "texture",
    "targetfeaturenum": 2,
    "targeteduttcode": "311-3",
    "numFeatures": 4,
    "featuresPresent": [
      "cloud",
      "blue",
      "red",
      "green"
    ]
  },
  {
    "item": [
      "121",
      "112",
      "133"
    ],
    "utterancecode": "311",
    "IDf": "2063-1",
    "ID": 20631,
    "targetfeature": "color",
    "targetfeaturenum": 3,
    "targeteduttcode": "311-3",
    "numFeatures": 4,
    "featuresPresent": [
      "cloud",
      "solid",
      "striped",
      "polka-dotted"
    ]
  },
  {
    "item": [
      "213",
      "323",
      "133"
    ],
    "utterancecode": "311",
    "IDf": "2296-0",
    "ID": 22960,
    "targetfeature": "shape",
    "targetfeaturenum": 1,
    "targeteduttcode": "311-3",
    "numFeatures": 4,
    "featuresPresent": [
      "solid",
      "striped",
      "polka-dotted",
      "green"
    ]
  },
  {
    "item": [
      "213",
      "323",
      "133"
    ],
    "utterancecode": "311",
    "IDf": "2296-1",
    "ID": 22961,
    "targetfeature": "texture",
    "targetfeaturenum": 2,
    "targeteduttcode": "311-3",
    "numFeatures": 4,
    "featuresPresent": [
      "cloud",
      "circle",
      "square",
      "green"
    ]
  },
  {
    "item": [
      "321",
      "222",
      "123"
    ],
    "utterancecode": "311",
    "IDf": "1413-1",
    "ID": 14131,
    "targetfeature": "color",
    "targetfeaturenum": 3,
    "targeteduttcode": "311-3",
    "numFeatures": 4,
    "featuresPresent": [
      "cloud",
      "circle",
      "square",
      "striped"
    ]
  },
  {
    "item": [
      "321",
      "222",
      "123"
    ],
    "utterancecode": "311",
    "IDf": "1413-0",
    "ID": 14130,
    "targetfeature": "shape",
    "targetfeaturenum": 1,
    "targeteduttcode": "311-3",
    "numFeatures": 4,
    "featuresPresent": [
      "striped",
      "blue",
      "red",
      "green"
    ]
  },
  {
    "item": [
      "331",
      "232",
      "133"
    ],
    "utterancecode": "311",
    "IDf": "2152-1",
    "ID": 21521,
    "targetfeature": "color",
    "targetfeaturenum": 3,
    "targeteduttcode": "311-3",
    "numFeatures": 4,
    "featuresPresent": [
      "cloud",
      "circle",
      "square",
      "polka-dotted"
    ]
  },
  {
    "item": [
      "331",
      "232",
      "133"
    ],
    "utterancecode": "311",
    "IDf": "2152-0",
    "ID": 21520,
    "targetfeature": "shape",
    "targetfeaturenum": 1,
    "targeteduttcode": "311-3",
    "numFeatures": 4,
    "featuresPresent": [
      "polka-dotted",
      "blue",
      "red",
      "green"
    ]
  },
  {
    "item": [
      "331",
      "312",
      "323"
    ],
    "utterancecode": "311",
    "IDf": "1834-1",
    "ID": 18341,
    "targetfeature": "color",
    "targetfeaturenum": 3,
    "targeteduttcode": "311-3",
    "numFeatures": 4,
    "featuresPresent": [
      "square",
      "solid",
      "striped",
      "polka-dotted"
    ]
  },
  {
    "item": [
      "331",
      "312",
      "323"
    ],
    "utterancecode": "311",
    "IDf": "1834-0",
    "ID": 18340,
    "targetfeature": "texture",
    "targetfeaturenum": 2,
    "targeteduttcode": "311-3",
    "numFeatures": 4,
    "featuresPresent": [
      "square",
      "blue",
      "red",
      "green"
    ]
  },
  {
    "item": [
      "311",
      "112",
      "213"
    ],
    "utterancecode": "311",
    "IDf": "1007-1",
    "ID": 10071,
    "targetfeature": "color",
    "targetfeaturenum": 3,
    "targeteduttcode": "311-3",
    "numFeatures": 4,
    "featuresPresent": [
      "cloud",
      "circle",
      "square",
      "solid"
    ]
  },
  {
    "item": [
      "311",
      "112",
      "213"
    ],
    "utterancecode": "311",
    "IDf": "1007-0",
    "ID": 10070,
    "targetfeature": "shape",
    "targetfeaturenum": 1,
    "targeteduttcode": "311-3",
    "numFeatures": 4,
    "featuresPresent": [
      "solid",
      "blue",
      "red",
      "green"
    ]
  },
  {
    "item": [
      "211",
      "232",
      "223"
    ],
    "utterancecode": "311",
    "IDf": "1661-0",
    "ID": 16610,
    "targetfeature": "texture",
    "targetfeaturenum": 2,
    "targeteduttcode": "311-3",
    "numFeatures": 4,
    "featuresPresent": [
      "circle",
      "blue",
      "red",
      "green"
    ]
  },
  {
    "item": [
      "211",
      "232",
      "223"
    ],
    "utterancecode": "311",
    "IDf": "1661-1",
    "ID": 16611,
    "targetfeature": "color",
    "targetfeaturenum": 3,
    "targeteduttcode": "311-3",
    "numFeatures": 4,
    "featuresPresent": [
      "circle",
      "solid",
      "striped",
      "polka-dotted"
    ]
  },
  {
    "item": [
      "211",
      "312",
      "113"
    ],
    "utterancecode": "311",
    "IDf": "0872-1",
    "ID": 8721,
    "targetfeature": "color",
    "targetfeaturenum": 3,
    "targeteduttcode": "311-3",
    "numFeatures": 4,
    "featuresPresent": [
      "cloud",
      "circle",
      "square",
      "solid"
    ]
  },
  {
    "item": [
      "211",
      "312",
      "113"
    ],
    "utterancecode": "311",
    "IDf": "0872-0",
    "ID": 8720,
    "targetfeature": "shape",
    "targetfeaturenum": 1,
    "targeteduttcode": "311-3",
    "numFeatures": 4,
    "featuresPresent": [
      "solid",
      "blue",
      "red",
      "green"
    ]
  },
  {
    "item": [
      "131",
      "332",
      "233"
    ],
    "utterancecode": "311",
    "IDf": "2442-0",
    "ID": 24420,
    "targetfeature": "shape",
    "targetfeaturenum": 1,
    "targeteduttcode": "311-3",
    "numFeatures": 4,
    "featuresPresent": [
      "polka-dotted",
      "blue",
      "red",
      "green"
    ]
  },
  {
    "item": [
      "131",
      "332",
      "233"
    ],
    "utterancecode": "311",
    "IDf": "2442-1",
    "ID": 24421,
    "targetfeature": "color",
    "targetfeaturenum": 3,
    "targeteduttcode": "311-3",
    "numFeatures": 4,
    "featuresPresent": [
      "cloud",
      "circle",
      "square",
      "polka-dotted"
    ]
  },
  {
    "item": [
      "211",
      "112",
      "313"
    ],
    "utterancecode": "311",
    "IDf": "1177-0",
    "ID": 11770,
    "targetfeature": "shape",
    "targetfeaturenum": 1,
    "targeteduttcode": "311-3",
    "numFeatures": 4,
    "featuresPresent": [
      "solid",
      "blue",
      "red",
      "green"
    ]
  },
  {
    "item": [
      "211",
      "112",
      "313"
    ],
    "utterancecode": "311",
    "IDf": "1177-1",
    "ID": 11771,
    "targetfeature": "color",
    "targetfeaturenum": 3,
    "targeteduttcode": "311-3",
    "numFeatures": 4,
    "featuresPresent": [
      "cloud",
      "circle",
      "square",
      "solid"
    ]
  },
  {
    "item": [
      "312",
      "122",
      "232"
    ],
    "utterancecode": "311",
    "IDf": "0637-1",
    "ID": 6371,
    "targetfeature": "texture",
    "targetfeaturenum": 2,
    "targeteduttcode": "311-3",
    "numFeatures": 4,
    "featuresPresent": [
      "cloud",
      "circle",
      "square",
      "red"
    ]
  },
  {
    "item": [
      "312",
      "122",
      "232"
    ],
    "utterancecode": "311",
    "IDf": "0637-0",
    "ID": 6370,
    "targetfeature": "shape",
    "targetfeaturenum": 1,
    "targeteduttcode": "311-3",
    "numFeatures": 4,
    "featuresPresent": [
      "solid",
      "striped",
      "polka-dotted",
      "red"
    ]
  },
  {
    "item": [
      "313",
      "123",
      "233"
    ],
    "utterancecode": "311",
    "IDf": "2530-1",
    "ID": 25301,
    "targetfeature": "texture",
    "targetfeaturenum": 2,
    "targeteduttcode": "311-3",
    "numFeatures": 4,
    "featuresPresent": [
      "cloud",
      "circle",
      "square",
      "green"
    ]
  },
  {
    "item": [
      "313",
      "123",
      "233"
    ],
    "utterancecode": "311",
    "IDf": "2530-0",
    "ID": 25300,
    "targetfeature": "shape",
    "targetfeaturenum": 1,
    "targeteduttcode": "311-3",
    "numFeatures": 4,
    "featuresPresent": [
      "solid",
      "striped",
      "polka-dotted",
      "green"
    ]
  },
  {
    "item": [
      "113",
      "323",
      "233"
    ],
    "utterancecode": "311",
    "IDf": "2571-0",
    "ID": 25710,
    "targetfeature": "shape",
    "targetfeaturenum": 1,
    "targeteduttcode": "311-3",
    "numFeatures": 4,
    "featuresPresent": [
      "solid",
      "striped",
      "polka-dotted",
      "green"
    ]
  },
  {
    "item": [
      "113",
      "323",
      "233"
    ],
    "utterancecode": "311",
    "IDf": "2571-1",
    "ID": 25711,
    "targetfeature": "texture",
    "targetfeaturenum": 2,
    "targeteduttcode": "311-3",
    "numFeatures": 4,
    "featuresPresent": [
      "cloud",
      "circle",
      "square",
      "green"
    ]
  },
  {
    "item": [
      "211",
      "321",
      "131"
    ],
    "utterancecode": "311",
    "IDf": "0031-1",
    "ID": 311,
    "targetfeature": "texture",
    "targetfeaturenum": 2,
    "targeteduttcode": "311-3",
    "numFeatures": 4,
    "featuresPresent": [
      "cloud",
      "circle",
      "square",
      "blue"
    ]
  },
  {
    "item": [
      "211",
      "321",
      "131"
    ],
    "utterancecode": "311",
    "IDf": "0031-0",
    "ID": 310,
    "targetfeature": "shape",
    "targetfeaturenum": 1,
    "targeteduttcode": "311-3",
    "numFeatures": 4,
    "featuresPresent": [
      "solid",
      "striped",
      "polka-dotted",
      "blue"
    ]
  },
  {
    "item": [
      "112",
      "322",
      "232"
    ],
    "utterancecode": "311",
    "IDf": "0660-1",
    "ID": 6601,
    "targetfeature": "texture",
    "targetfeaturenum": 2,
    "targeteduttcode": "311-3",
    "numFeatures": 4,
    "featuresPresent": [
      "cloud",
      "circle",
      "square",
      "red"
    ]
  },
  {
    "item": [
      "112",
      "322",
      "232"
    ],
    "utterancecode": "311",
    "IDf": "0660-0",
    "ID": 6600,
    "targetfeature": "shape",
    "targetfeaturenum": 1,
    "targeteduttcode": "311-3",
    "numFeatures": 4,
    "featuresPresent": [
      "solid",
      "striped",
      "polka-dotted",
      "red"
    ]
  },
  {
    "item": [
      "313",
      "223",
      "133"
    ],
    "utterancecode": "311",
    "IDf": "2275-0",
    "ID": 22750,
    "targetfeature": "shape",
    "targetfeaturenum": 1,
    "targeteduttcode": "311-3",
    "numFeatures": 4,
    "featuresPresent": [
      "solid",
      "striped",
      "polka-dotted",
      "green"
    ]
  },
  {
    "item": [
      "313",
      "223",
      "133"
    ],
    "utterancecode": "311",
    "IDf": "2275-1",
    "ID": 22751,
    "targetfeature": "texture",
    "targetfeaturenum": 2,
    "targeteduttcode": "311-3",
    "numFeatures": 4,
    "featuresPresent": [
      "cloud",
      "circle",
      "square",
      "green"
    ]
  },
  {
    "item": [
      "111",
      "212",
      "313"
    ],
    "utterancecode": "311",
    "IDf": "1185-0",
    "ID": 11850,
    "targetfeature": "shape",
    "targetfeaturenum": 1,
    "targeteduttcode": "311-3",
    "numFeatures": 4,
    "featuresPresent": [
      "solid",
      "blue",
      "red",
      "green"
    ]
  },
  {
    "item": [
      "111",
      "212",
      "313"
    ],
    "utterancecode": "311",
    "IDf": "1185-1",
    "ID": 11851,
    "targetfeature": "color",
    "targetfeaturenum": 3,
    "targeteduttcode": "311-3",
    "numFeatures": 4,
    "featuresPresent": [
      "cloud",
      "circle",
      "square",
      "solid"
    ]
  },
  {
    "item": [
      "311",
      "212",
      "113"
    ],
    "utterancecode": "311",
    "IDf": "0863-0",
    "ID": 8630,
    "targetfeature": "shape",
    "targetfeaturenum": 1,
    "targeteduttcode": "311-3",
    "numFeatures": 4,
    "featuresPresent": [
      "solid",
      "blue",
      "red",
      "green"
    ]
  },
  {
    "item": [
      "311",
      "212",
      "113"
    ],
    "utterancecode": "311",
    "IDf": "0863-1",
    "ID": 8631,
    "targetfeature": "color",
    "targetfeaturenum": 3,
    "targeteduttcode": "311-3",
    "numFeatures": 4,
    "featuresPresent": [
      "cloud",
      "circle",
      "square",
      "solid"
    ]
  },
  {
    "item": [
      "212",
      "322",
      "132"
    ],
    "utterancecode": "311",
    "IDf": "0556-0",
    "ID": 5560,
    "targetfeature": "shape",
    "targetfeaturenum": 1,
    "targeteduttcode": "311-3",
    "numFeatures": 4,
    "featuresPresent": [
      "solid",
      "striped",
      "polka-dotted",
      "red"
    ]
  },
  {
    "item": [
      "212",
      "322",
      "132"
    ],
    "utterancecode": "311",
    "IDf": "0556-1",
    "ID": 5561,
    "targetfeature": "texture",
    "targetfeaturenum": 2,
    "targeteduttcode": "311-3",
    "numFeatures": 4,
    "featuresPresent": [
      "cloud",
      "circle",
      "square",
      "red"
    ]
  },
  {
    "item": [
      "331",
      "132",
      "233"
    ],
    "utterancecode": "311",
    "IDf": "2413-1",
    "ID": 24131,
    "targetfeature": "color",
    "targetfeaturenum": 3,
    "targeteduttcode": "311-3",
    "numFeatures": 4,
    "featuresPresent": [
      "cloud",
      "circle",
      "square",
      "polka-dotted"
    ]
  },
  {
    "item": [
      "331",
      "132",
      "233"
    ],
    "utterancecode": "311",
    "IDf": "2413-0",
    "ID": 24130,
    "targetfeature": "shape",
    "targetfeaturenum": 1,
    "targeteduttcode": "311-3",
    "numFeatures": 4,
    "featuresPresent": [
      "polka-dotted",
      "blue",
      "red",
      "green"
    ]
  },
  {
    "item": [
      "321",
      "312",
      "333"
    ],
    "utterancecode": "311",
    "IDf": "2660-0",
    "ID": 26600,
    "targetfeature": "texture",
    "targetfeaturenum": 2,
    "targeteduttcode": "311-3",
    "numFeatures": 4,
    "featuresPresent": [
      "square",
      "blue",
      "red",
      "green"
    ]
  },
  {
    "item": [
      "321",
      "312",
      "333"
    ],
    "utterancecode": "311",
    "IDf": "2660-1",
    "ID": 26601,
    "targetfeature": "color",
    "targetfeaturenum": 3,
    "targeteduttcode": "311-3",
    "numFeatures": 4,
    "featuresPresent": [
      "square",
      "solid",
      "striped",
      "polka-dotted"
    ]
  },
  {
    "item": [
      "221",
      "122",
      "323"
    ],
    "utterancecode": "311",
    "IDf": "1841-1",
    "ID": 18411,
    "targetfeature": "color",
    "targetfeaturenum": 3,
    "targeteduttcode": "311-3",
    "numFeatures": 4,
    "featuresPresent": [
      "cloud",
      "circle",
      "square",
      "striped"
    ]
  },
  {
    "item": [
      "221",
      "122",
      "323"
    ],
    "utterancecode": "311",
    "IDf": "1841-0",
    "ID": 18410,
    "targetfeature": "shape",
    "targetfeaturenum": 1,
    "targeteduttcode": "311-3",
    "numFeatures": 4,
    "featuresPresent": [
      "striped",
      "blue",
      "red",
      "green"
    ]
  },
  {
    "item": [
      "312",
      "122",
      "232"
    ],
    "utterancecode": "311",
    "IDf": "0637-0",
    "ID": 6370,
    "targetfeature": "shape",
    "targetfeaturenum": 1,
    "targeteduttcode": "311-3",
    "numFeatures": 4,
    "featuresPresent": [
      "solid",
      "striped",
      "polka-dotted",
      "red"
    ]
  },
  {
    "item": [
      "312",
      "122",
      "232"
    ],
    "utterancecode": "311",
    "IDf": "0637-1",
    "ID": 6371,
    "targetfeature": "texture",
    "targetfeaturenum": 2,
    "targeteduttcode": "311-3",
    "numFeatures": 4,
    "featuresPresent": [
      "cloud",
      "circle",
      "square",
      "red"
    ]
  },
  {
    "item": [
      "321",
      "332",
      "313"
    ],
    "utterancecode": "311",
    "IDf": "1281-0",
    "ID": 12810,
    "targetfeature": "texture",
    "targetfeaturenum": 2,
    "targeteduttcode": "311-3",
    "numFeatures": 4,
    "featuresPresent": [
      "square",
      "blue",
      "red",
      "green"
    ]
  },
  {
    "item": [
      "321",
      "332",
      "313"
    ],
    "utterancecode": "311",
    "IDf": "1281-1",
    "ID": 12811,
    "targetfeature": "color",
    "targetfeaturenum": 3,
    "targeteduttcode": "311-3",
    "numFeatures": 4,
    "featuresPresent": [
      "square",
      "solid",
      "striped",
      "polka-dotted"
    ]
  }
]