workerid,anon_workerid
ASCTCB5BHNS43,0
A17V85U8PXS4LJ,1
A2EI075XZT9Y2S,2
AQ5KOKZQSZU0B,3
A1F2WHEEM0QQ1B,4
A2OW2CIT4H7364,5
A1BVG13MHBM1YD,6
A8RDXT4ZILHQT,7
A468MK6QPI9XH,8
A1YSBD5XW5UCR0,9
A3JSDZMBS8L87S,10
A1ZYRMLQORD03Z,11
AU7A3QNJF3O00,12
A3HNEYFOIJWPH1,13
A2EI9E6EBZEZO1,14
A150GMV1YQWWB3,15
A35C0II2FFV18S,16
AEN7H01OU26XL,17
A2GA29WTMFW2W,18
A1B4778ETVFAL8,19
A27ZE20JZ3VDUP,20
A17LF7GCAFYMSL,21
A30W987G9S6F0G,22
A2LVGE0TI3E7Q9,23
A163WDPYGER1R5,24
A3IW9415ZOO0EX,25
A38VMTKS30TQZB,26
AUCHGHY1IKZZK,27
A38DXFI1TZA295,28
A1F6R3VKHVD1GH,29
AIOZF654BN0LT,30
A1QVNF19XSRSD7,31
A2XQ3CFB5HT2ZQ,32
A1UCB0D27PY623,33
A36MEZ1Y8KLTGY,34
A2RVDEU138ZF9P,35
A2WUMRRE9070N8,36
A2PH5T3HCCCXIN,37
A34UER5ZQ5APMB,38
A2NEFRREWF33YP,39
A2EABC3X5VMZ95,40
A22ZYDQ7VRH6EL,41
AFD7S2Y050L9B,42
AKSJ3C5O3V9RB,43
A4T4577P6JL6R,44
A1IEAOCJNSPVRX,45
A3C7COPV48I37D,46
A320QA9HJFUOZO,47
A1QW6HQKXCLS1N,48
AY7WPVKHVNBLG,49
APTTMHLQ0C8DO,50
A3O2E4NV3H37CG,51
A2Z43TA0WZ0EG0,52
A2S75O867RJG0I,53
A2YCMT5BPA0AG9,54
A27SMEOPKV84VI,55
A3MD3CC58W6WWQ,56
A324VBRLXHG5IB,57
AIEKCWYZTS41V,58
A110KENBXU7SUJ,59
A2U5DWGXEAIWYE,60
A1TSVP4XC9NTR4,61
ARWN6TT8EWCFJ,62
A2BW6WD7LZ9EGV,63
A11BSFO4LMHPXQ,64
A1NDMFN9A5G25G,65
A3I7SE4FUXGSUL,66
AFK9ALQK5GPNG,67
AA8PZKO9XGCKO,68
A2NT3OQZUUZPEO,69
A3L2FPKRD46FRW,70
ASKAY33IJ3KAQ,71
A2I6ZALE49CVSC,72
ATTGD1M94GFR,73
A1D9ZWU1M46SAF,74
A3O5EU9QQV2OS1,75
A10YS8AVLQWUZZ,76
A377LTGWJKY2IW,77
AIW4PP6409ET8,78
A1SP4XA17LVUQI,79
