workerid,anon_workerid
A15PHPJA7AWCS3,0
A2EFD7AW29IXUR,1
A3RLCGRXA34GC0,2
A1PR74OHURJNTO,3
A1U5BE8XJRXKW3,4
A30UE6DWFNUCWX,5
A1F4N58CAX8IMK,6
ARI1EMAHUA9PO,7
A3IMB1JAMHP1KK,8
A2IGPW784OFV3D,9
ATYGSK8FR2JX8,10
A2Y5I2HJTRFR8H,11
A1ZB2NY0F9QNP0,12
A1TLNLB9D87H6,13
AMYURTQIMAC8T,14
A1RV2LERVS0A4H,15
A2SUGF86KLTZB6,16
A14OPFM8OFA4WF,17
ASCTCB5BHNS43,18
A17V85U8PXS4LJ,19
A2EI075XZT9Y2S,20
AQ5KOKZQSZU0B,21
A1F2WHEEM0QQ1B,22
A2OW2CIT4H7364,23
A1BVG13MHBM1YD,24
A8RDXT4ZILHQT,25
A468MK6QPI9XH,26
A1YSBD5XW5UCR0,27
A3JSDZMBS8L87S,28
A1ZYRMLQORD03Z,29
AU7A3QNJF3O00,30
A3HNEYFOIJWPH1,31
A2EI9E6EBZEZO1,32
A150GMV1YQWWB3,33
A35C0II2FFV18S,34
A2ZJAEL03VTZ8,35
AEN7H01OU26XL,36
A2GA29WTMFW2W,37
A1B4778ETVFAL8,38
A27ZE20JZ3VDUP,39
A17LF7GCAFYMSL,40
A30W987G9S6F0G,41
A2LVGE0TI3E7Q9,42
A163WDPYGER1R5,43
A3IW9415ZOO0EX,44
A38VMTKS30TQZB,45
AUCHGHY1IKZZK,46
A38DXFI1TZA295,47
A1F6R3VKHVD1GH,48
AIOZF654BN0LT,49
A1QVNF19XSRSD7,50
A2XQ3CFB5HT2ZQ,51
A1UCB0D27PY623,52
A36MEZ1Y8KLTGY,53
A2RVDEU138ZF9P,54
A2WUMRRE9070N8,55
A2PH5T3HCCCXIN,56
A34UER5ZQ5APMB,57
A2NEFRREWF33YP,58
A2EABC3X5VMZ95,59
A22ZYDQ7VRH6EL,60
AFD7S2Y050L9B,61
AKSJ3C5O3V9RB,62
A4T4577P6JL6R,63
A1IEAOCJNSPVRX,64
A3C7COPV48I37D,65
A320QA9HJFUOZO,66
A1QW6HQKXCLS1N,67
AY7WPVKHVNBLG,68
APTTMHLQ0C8DO,69
A3O2E4NV3H37CG,70
A2Z43TA0WZ0EG0,71
A2S75O867RJG0I,72
A2YCMT5BPA0AG9,73
A27SMEOPKV84VI,74
A3MD3CC58W6WWQ,75
A324VBRLXHG5IB,76
AIEKCWYZTS41V,77
A110KENBXU7SUJ,78
A2U5DWGXEAIWYE,79
A1TSVP4XC9NTR4,80
ARWN6TT8EWCFJ,81
A2BW6WD7LZ9EGV,82
A11BSFO4LMHPXQ,83
A1NDMFN9A5G25G,84
A3I7SE4FUXGSUL,85
AFK9ALQK5GPNG,86
AA8PZKO9XGCKO,87
A2NT3OQZUUZPEO,88
A3L2FPKRD46FRW,89
ASKAY33IJ3KAQ,90
A2I6ZALE49CVSC,91
ATTGD1M94GFR,92
A1D9ZWU1M46SAF,93
A3O5EU9QQV2OS1,94
A10YS8AVLQWUZZ,95
A377LTGWJKY2IW,96
AIW4PP6409ET8,97
A1SP4XA17LVUQI,98
